{"stats":{"minecraft:used":{"minecraft:oak_sapling":1},"minecraft:custom":{"minecraft:jump":28,"minecraft:time_since_rest":3551,"minecraft:leave_game":1,"minecraft:play_time":3551,"minecraft:sprint_one_cm":6749,"minecraft:time_since_death":3551,"minecraft:walk_one_cm":8767,"minecraft:total_world_time":3551,"minecraft:fall_one_cm":418,"minecraft:fly_one_cm":4173},"minecraft:picked_up":{"minecraft:stick":2,"minecraft:oak_log":23,"minecraft:oak_sapling":1},"minecraft:mined":{"minecraft:short_grass":1,"minecraft:oak_log":23,"minecraft:oak_leaves":1}},"DataVersion":3953}