{"stats":{"minecraft:crafted":{"minecraft:oak_planks":16,"minecraft:crafting_table":1,"minecraft:stick":12,"minecraft:wooden_pickaxe":1,"minecraft:stone_pickaxe":2,"minecraft:stone_axe":1},"minecraft:used":{"minecraft:stone_pickaxe":141,"minecraft:wooden_pickaxe":3,"minecraft:stone_axe":13,"minecraft:crafting_table":4,"minecraft:oak_sapling":1,"minecraft:porkchop":5},"minecraft:custom":{"minecraft:time_since_rest":6044,"minecraft:sprint_one_cm":40682,"minecraft:damage_taken":120,"minecraft:walk_one_cm":28871,"minecraft:mob_kills":9,"minecraft:drop":1,"minecraft:damage_dealt":800,"minecraft:swim_one_cm":1392,"minecraft:interact_with_crafting_table":4,"minecraft:fly_one_cm":52605,"minecraft:open_chest":1,"minecraft:crouch_one_cm":3096,"minecraft:play_time":13759,"minecraft:sneak_time":1630,"minecraft:walk_under_water_one_cm":128,"minecraft:jump":255,"minecraft:leave_game":2,"minecraft:time_since_death":13759,"minecraft:walk_on_water_one_cm":315,"minecraft:sleep_in_bed":1,"minecraft:total_world_time":13759,"minecraft:fall_one_cm":7162},"minecraft:broken":{"minecraft:stone_pickaxe":1},"minecraft:dropped":{"minecraft:wooden_pickaxe":1},"minecraft:killed":{"minecraft:sheep":5,"minecraft:pig":2,"minecraft:cow":2},"minecraft:picked_up":{"minecraft:stick":2,"minecraft:crafting_table":4,"minecraft:leather":3,"minecraft:porkchop":5,"minecraft:oak_log":23,"minecraft:white_bed":1,"minecraft:beef":6,"minecraft:oak_sapling":1,"minecraft:mutton":9,"minecraft:coal":84,"minecraft:white_wool":5,"minecraft:cobblestone":60},"minecraft:mined":{"minecraft:white_bed":1,"minecraft:crafting_table":4,"minecraft:short_grass":2,"minecraft:coal_ore":84,"minecraft:oak_log":23,"minecraft:stone":60,"minecraft:oak_leaves":1}},"DataVersion":3953}