{"stats":{"minecraft:crafted":{"minecraft:oak_planks":120,"minecraft:stone_shovel":1,"minecraft:furnace":2,"minecraft:flint_and_steel":1,"minecraft:iron_boots":1,"minecraft:iron_axe":2,"minecraft:ladder":3,"minecraft:stone_pickaxe":1,"minecraft:chest":1,"minecraft:stone_hoe":1,"minecraft:wheat":441,"minecraft:crafting_table":9,"minecraft:iron_helmet":1,"minecraft:wooden_pickaxe":1,"minecraft:baked_potato":24,"minecraft:bucket":2,"minecraft:stone_axe":2,"minecraft:bread":145,"minecraft:air":0,"minecraft:oak_boat":3,"minecraft:iron_chestplate":1,"minecraft:shield":3,"minecraft:stick":80,"minecraft:iron_ingot":44,"minecraft:iron_pickaxe":1,"minecraft:oak_stairs":20,"minecraft:wooden_axe":1,"minecraft:acacia_door":3,"minecraft:iron_shovel":1,"minecraft:iron_leggings":1,"minecraft:white_bed":1,"minecraft:acacia_planks":116,"minecraft:torch":172,"minecraft:shears":1},"minecraft:used":{"minecraft:iron_shovel":92,"minecraft:acacia_log":2,"minecraft:flint_and_steel":14,"minecraft:stone_shovel":27,"minecraft:ladder":2,"minecraft:poppy":5,"minecraft:chest":1,"minecraft:shield":49,"minecraft:rotten_flesh":19,"minecraft:stone_hoe":54,"minecraft:orange_bed":8,"minecraft:torch":187,"minecraft:dirt":20,"minecraft:wooden_axe":1,"minecraft:lava_bucket":26,"minecraft:iron_axe":163,"minecraft:oak_stairs":23,"minecraft:furnace":4,"minecraft:cooked_beef":6,"minecraft:cobbled_deepslate":131,"minecraft:acacia_planks":73,"minecraft:iron_leggings":1,"minecraft:short_grass":1,"minecraft:water_bucket":36,"minecraft:stone_pickaxe":113,"minecraft:baked_potato":24,"minecraft:wooden_pickaxe":37,"minecraft:sugar_cane":71,"minecraft:sand":46,"minecraft:crafting_table":18,"minecraft:red_bed":2,"minecraft:blast_furnace":1,"minecraft:white_bed":6,"minecraft:shears":4,"minecraft:acacia_door":17,"minecraft:bread":18,"minecraft:iron_pickaxe":402,"minecraft:gravel":12,"minecraft:stone_axe":196,"minecraft:cobblestone":92,"minecraft:bucket":64,"minecraft:oak_boat":9},"minecraft:custom":{"minecraft:mob_kills":70,"minecraft:animals_bred":2,"minecraft:interact_with_crafting_table":46,"minecraft:bell_ring":1,"minecraft:leave_game":4,"minecraft:time_since_death":13316,"minecraft:climb_one_cm":6096,"minecraft:sprint_one_cm":443930,"minecraft:walk_one_cm":328859,"minecraft:damage_blocked_by_shield":2767,"minecraft:drop":32,"minecraft:talked_to_villager":6,"minecraft:play_time":178256,"minecraft:deaths":2,"minecraft:sneak_time":14385,"minecraft:walk_under_water_one_cm":36861,"minecraft:boat_one_cm":246829,"minecraft:jump":3710,"minecraft:interact_with_brewingstand":1,"minecraft:interact_with_blast_furnace":1,"minecraft:walk_on_water_one_cm":56048,"minecraft:total_world_time":178256,"minecraft:interact_with_furnace":31,"minecraft:sleep_in_bed":10,"minecraft:time_since_rest":13769,"minecraft:damage_taken":2937,"minecraft:damage_dealt":19759,"minecraft:swim_one_cm":237040,"minecraft:fly_one_cm":762985,"minecraft:open_chest":55,"minecraft:crouch_one_cm":29609,"minecraft:fall_one_cm":74415},"minecraft:broken":{"minecraft:shield":1,"minecraft:iron_axe":1,"minecraft:stone_axe":1},"minecraft:dropped":{"minecraft:golden_boots":2,"minecraft:bread":138,"minecraft:short_grass":30,"minecraft:wheat_seeds":13,"minecraft:cobblestone":3,"minecraft:leather":6,"minecraft:granite":5,"minecraft:wooden_axe":1,"minecraft:string":2,"minecraft:bone":24,"minecraft:gravel":7,"minecraft:stone_axe":1,"minecraft:rotten_flesh":2,"minecraft:poppy":4,"minecraft:melon_seeds":1,"minecraft:ladder":1,"minecraft:spider_eye":1,"minecraft:wooden_pickaxe":1,"minecraft:beef":2,"minecraft:stone_pickaxe":1},"minecraft:killed_by":{"minecraft:iron_golem":1,"minecraft:skeleton":1},"minecraft:killed":{"minecraft:spider":3,"minecraft:skeleton":11,"minecraft:zombie_villager":1,"minecraft:iron_golem":9,"minecraft:creeper":6,"minecraft:trader_llama":2,"minecraft:zombie":31,"minecraft:enderman":1,"minecraft:cow":4},"minecraft:picked_up":{"minecraft:crafting_table":10,"minecraft:iron_chestplate":2,"minecraft:wheat":1,"minecraft:ladder":2,"minecraft:lead":10,"minecraft:oak_stairs":11,"minecraft:brewing_stand":3,"minecraft:shield":1,"minecraft:music_disc_cat":1,"minecraft:acacia_door":18,"minecraft:string":8,"minecraft:red_bed":2,"minecraft:iron_axe":2,"minecraft:flint_and_steel":2,"minecraft:iron_leggings":2,"minecraft:iron_shovel":2,"minecraft:cartography_table":2,"minecraft:cobbled_deepslate":271,"minecraft:bucket":2,"minecraft:beef":2,"minecraft:oak_boat":10,"minecraft:poppy":9,"minecraft:iron_pickaxe":4,"minecraft:sugar_cane":125,"minecraft:furnace":2,"minecraft:iron_boots":2,"minecraft:golden_helmet":1,"minecraft:stick":19,"minecraft:raw_iron":52,"minecraft:torch":11,"minecraft:acacia_log":39,"minecraft:carrot":4,"minecraft:redstone":14,"minecraft:orange_bed":8,"minecraft:arrow":18,"minecraft:rotten_flesh":26,"minecraft:stone_shovel":1,"minecraft:shears":2,"minecraft:hay_block":49,"minecraft:cobblestone":175,"minecraft:white_wool":62,"minecraft:cooked_beef":7,"minecraft:water_bucket":1,"minecraft:leather":12,"minecraft:acacia_wood":1,"minecraft:potato":2,"minecraft:flint":1,"minecraft:tuff":16,"minecraft:oak_log":30,"minecraft:golden_boots":2,"minecraft:gunpowder":23,"minecraft:lapis_lazuli":34,"minecraft:dirt":69,"minecraft:name_tag":1,"minecraft:bone":73,"minecraft:acacia_planks":23,"minecraft:stonecutter":1,"minecraft:wheat_seeds":16,"minecraft:raw_gold":46,"minecraft:grindstone":3,"minecraft:iron_ingot":99,"minecraft:acacia_sapling":14,"minecraft:stone_hoe":2,"minecraft:oak_planks":24,"minecraft:lava_bucket":1,"minecraft:gravel":19,"minecraft:sand":105,"minecraft:blast_furnace":1,"minecraft:white_bed":5,"minecraft:spider_eye":7,"minecraft:diamond":81,"minecraft:short_grass":31,"minecraft:iron_helmet":1,"minecraft:granite":5,"minecraft:golden_apple":1,"minecraft:bread":2,"minecraft:oak_sapling":1,"minecraft:melon_seeds":1,"minecraft:coal":127},"minecraft:mined":{"minecraft:diamond_ore":1,"minecraft:tuff":8,"minecraft:white_bed":5,"minecraft:deepslate_diamond_ore":42,"minecraft:brewing_stand":3,"minecraft:granite":5,"minecraft:acacia_log":31,"minecraft:grass_block":12,"minecraft:cartography_table":2,"minecraft:hay_block":50,"minecraft:furnace":2,"minecraft:carrots":4,"minecraft:iron_ore":44,"minecraft:cobbled_deepslate":13,"minecraft:fire":20,"minecraft:acacia_wood":1,"minecraft:deepslate_lapis_ore":3,"minecraft:potatoes":3,"minecraft:deepslate_iron_ore":5,"minecraft:dirt_path":3,"minecraft:rail":8,"minecraft:oak_stairs":3,"minecraft:stone":93,"minecraft:orange_bed":8,"minecraft:acacia_leaves":10,"minecraft:red_bed":2,"minecraft:crafting_table":11,"minecraft:torch":4,"minecraft:short_grass":51,"minecraft:blast_furnace":1,"minecraft:tall_grass":18,"minecraft:cobblestone":52,"minecraft:deepslate_gold_ore":23,"minecraft:grindstone":3,"minecraft:oak_planks":11,"minecraft:sugar_cane":77,"minecraft:wall_torch":2,"minecraft:wheat":2,"minecraft:oak_log":30,"minecraft:coal_ore":69,"minecraft:acacia_door":15,"minecraft:gravel":21,"minecraft:sand":70,"minecraft:dirt":21,"minecraft:acacia_planks":3,"minecraft:stonecutter":1,"minecraft:gold_ore":6,"minecraft:deepslate":155,"minecraft:oak_leaves":14}},"DataVersion":3953}