{"stats":{"minecraft:crafted":{"minecraft:oak_planks":120,"minecraft:stone_shovel":1,"minecraft:furnace":2,"minecraft:flint_and_steel":1,"minecraft:iron_boots":1,"minecraft:iron_axe":1,"minecraft:ladder":3,"minecraft:stone_pickaxe":1,"minecraft:stone_hoe":1,"minecraft:wheat":441,"minecraft:crafting_table":7,"minecraft:iron_helmet":1,"minecraft:wooden_pickaxe":1,"minecraft:baked_potato":24,"minecraft:bucket":2,"minecraft:stone_axe":2,"minecraft:bread":145,"minecraft:air":0,"minecraft:oak_boat":3,"minecraft:iron_chestplate":1,"minecraft:shield":1,"minecraft:stick":56,"minecraft:iron_ingot":44,"minecraft:iron_pickaxe":1,"minecraft:oak_stairs":20,"minecraft:wooden_axe":1,"minecraft:acacia_door":3,"minecraft:iron_shovel":1,"minecraft:iron_leggings":1,"minecraft:white_bed":1,"minecraft:acacia_planks":116,"minecraft:torch":72,"minecraft:shears":1},"minecraft:used":{"minecraft:iron_shovel":67,"minecraft:acacia_log":2,"minecraft:flint_and_steel":14,"minecraft:stone_shovel":27,"minecraft:ladder":2,"minecraft:poppy":5,"minecraft:shield":14,"minecraft:rotten_flesh":2,"minecraft:stone_hoe":54,"minecraft:orange_bed":8,"minecraft:torch":75,"minecraft:dirt":11,"minecraft:wooden_axe":1,"minecraft:lava_bucket":16,"minecraft:iron_axe":55,"minecraft:oak_stairs":23,"minecraft:furnace":4,"minecraft:cooked_beef":6,"minecraft:acacia_planks":73,"minecraft:iron_leggings":1,"minecraft:short_grass":1,"minecraft:water_bucket":35,"minecraft:stone_pickaxe":113,"minecraft:baked_potato":2,"minecraft:wooden_pickaxe":37,"minecraft:sugar_cane":71,"minecraft:sand":46,"minecraft:crafting_table":14,"minecraft:red_bed":2,"minecraft:blast_furnace":1,"minecraft:white_bed":4,"minecraft:shears":4,"minecraft:bread":16,"minecraft:iron_pickaxe":106,"minecraft:stone_axe":196,"minecraft:cobblestone":92,"minecraft:bucket":53,"minecraft:oak_boat":9},"minecraft:custom":{"minecraft:mob_kills":36,"minecraft:animals_bred":2,"minecraft:interact_with_crafting_table":39,"minecraft:bell_ring":1,"minecraft:leave_game":4,"minecraft:time_since_death":36874,"minecraft:climb_one_cm":6096,"minecraft:sprint_one_cm":344325,"minecraft:walk_one_cm":224898,"minecraft:damage_blocked_by_shield":870,"minecraft:drop":25,"minecraft:talked_to_villager":6,"minecraft:play_time":124256,"minecraft:deaths":1,"minecraft:sneak_time":6734,"minecraft:walk_under_water_one_cm":5875,"minecraft:boat_one_cm":246829,"minecraft:jump":2967,"minecraft:interact_with_brewingstand":1,"minecraft:interact_with_blast_furnace":1,"minecraft:walk_on_water_one_cm":14220,"minecraft:total_world_time":124256,"minecraft:interact_with_furnace":31,"minecraft:sleep_in_bed":9,"minecraft:time_since_rest":8633,"minecraft:damage_taken":875,"minecraft:damage_dealt":12883,"minecraft:swim_one_cm":53042,"minecraft:fly_one_cm":660349,"minecraft:open_chest":48,"minecraft:crouch_one_cm":15045,"minecraft:fall_one_cm":55463},"minecraft:broken":{"minecraft:stone_axe":1},"minecraft:dropped":{"minecraft:bread":138,"minecraft:short_grass":30,"minecraft:wheat_seeds":13,"minecraft:cobblestone":3,"minecraft:leather":6,"minecraft:granite":5,"minecraft:wooden_axe":1,"minecraft:gravel":5,"minecraft:stone_axe":1,"minecraft:rotten_flesh":2,"minecraft:poppy":4,"minecraft:melon_seeds":1,"minecraft:wooden_pickaxe":1,"minecraft:beef":2,"minecraft:stone_pickaxe":1},"minecraft:killed_by":{"minecraft:iron_golem":1},"minecraft:killed":{"minecraft:spider":2,"minecraft:skeleton":5,"minecraft:iron_golem":9,"minecraft:creeper":4,"minecraft:trader_llama":2,"minecraft:zombie":8,"minecraft:enderman":1,"minecraft:cow":4},"minecraft:picked_up":{"minecraft:crafting_table":10,"minecraft:iron_chestplate":1,"minecraft:wheat":1,"minecraft:ladder":1,"minecraft:lead":10,"minecraft:oak_stairs":11,"minecraft:brewing_stand":3,"minecraft:shield":1,"minecraft:string":2,"minecraft:red_bed":2,"minecraft:iron_axe":1,"minecraft:flint_and_steel":1,"minecraft:iron_leggings":1,"minecraft:iron_shovel":1,"minecraft:cartography_table":2,"minecraft:bucket":2,"minecraft:beef":2,"minecraft:oak_boat":9,"minecraft:poppy":9,"minecraft:iron_pickaxe":2,"minecraft:sugar_cane":125,"minecraft:furnace":2,"minecraft:iron_boots":1,"minecraft:stick":5,"minecraft:raw_iron":44,"minecraft:torch":4,"minecraft:acacia_log":39,"minecraft:carrot":4,"minecraft:orange_bed":8,"minecraft:rotten_flesh":8,"minecraft:stone_shovel":1,"minecraft:shears":1,"minecraft:hay_block":49,"minecraft:cobblestone":141,"minecraft:white_wool":62,"minecraft:cooked_beef":7,"minecraft:leather":12,"minecraft:acacia_wood":1,"minecraft:potato":2,"minecraft:flint":1,"minecraft:oak_log":30,"minecraft:gunpowder":14,"minecraft:dirt":44,"minecraft:bone":18,"minecraft:acacia_planks":9,"minecraft:stonecutter":1,"minecraft:wheat_seeds":16,"minecraft:grindstone":3,"minecraft:iron_ingot":62,"minecraft:acacia_sapling":14,"minecraft:stone_hoe":1,"minecraft:oak_planks":13,"minecraft:gravel":5,"minecraft:sand":81,"minecraft:blast_furnace":1,"minecraft:white_bed":4,"minecraft:spider_eye":2,"minecraft:short_grass":31,"minecraft:granite":5,"minecraft:oak_sapling":1,"minecraft:melon_seeds":1,"minecraft:coal":97},"minecraft:mined":{"minecraft:white_bed":4,"minecraft:brewing_stand":3,"minecraft:granite":5,"minecraft:acacia_log":31,"minecraft:grass_block":12,"minecraft:cartography_table":2,"minecraft:hay_block":50,"minecraft:furnace":2,"minecraft:carrots":4,"minecraft:iron_ore":44,"minecraft:fire":20,"minecraft:acacia_wood":1,"minecraft:potatoes":3,"minecraft:dirt_path":3,"minecraft:oak_stairs":3,"minecraft:stone":81,"minecraft:orange_bed":8,"minecraft:acacia_leaves":10,"minecraft:red_bed":2,"minecraft:crafting_table":10,"minecraft:torch":2,"minecraft:short_grass":51,"minecraft:blast_furnace":1,"minecraft:tall_grass":18,"minecraft:cobblestone":50,"minecraft:grindstone":3,"minecraft:sugar_cane":77,"minecraft:wheat":2,"minecraft:oak_log":30,"minecraft:coal_ore":54,"minecraft:gravel":6,"minecraft:sand":70,"minecraft:dirt":12,"minecraft:acacia_planks":3,"minecraft:stonecutter":1,"minecraft:oak_leaves":14}},"DataVersion":3953}