{"stats":{"minecraft:crafted":{"minecraft:oak_planks":80,"minecraft:stone_shovel":1,"minecraft:crafting_table":2,"minecraft:wooden_pickaxe":1,"minecraft:furnace":2,"minecraft:bucket":1,"minecraft:stone_axe":1,"minecraft:bread":39,"minecraft:air":0,"minecraft:flint_and_steel":1,"minecraft:oak_boat":1,"minecraft:iron_boots":1,"minecraft:iron_chestplate":1,"minecraft:shield":1,"minecraft:stick":32,"minecraft:iron_ingot":28,"minecraft:iron_pickaxe":1,"minecraft:stone_pickaxe":1,"minecraft:iron_leggings":1,"minecraft:torch":72,"minecraft:stone_hoe":1,"minecraft:wheat":117},"minecraft:used":{"minecraft:water_bucket":2,"minecraft:stone_shovel":6,"minecraft:stone_pickaxe":113,"minecraft:wooden_pickaxe":37,"minecraft:shield":6,"minecraft:stone_hoe":35,"minecraft:rotten_flesh":2,"minecraft:torch":63,"minecraft:dirt":7,"minecraft:crafting_table":8,"minecraft:white_bed":2,"minecraft:bread":9,"minecraft:iron_pickaxe":43,"minecraft:stone_axe":70,"minecraft:cobblestone":23,"minecraft:furnace":2,"minecraft:bucket":3,"minecraft:oak_boat":4,"minecraft:iron_leggings":1},"minecraft:custom":{"minecraft:interact_with_furnace":15,"minecraft:mob_kills":7,"minecraft:interact_with_crafting_table":18,"minecraft:leave_game":2,"minecraft:time_since_death":34837,"minecraft:sleep_in_bed":3,"minecraft:time_since_rest":1161,"minecraft:sprint_one_cm":89098,"minecraft:damage_taken":253,"minecraft:walk_one_cm":52299,"minecraft:damage_blocked_by_shield":390,"minecraft:damage_dealt":2268,"minecraft:swim_one_cm":32737,"minecraft:fly_one_cm":196038,"minecraft:open_chest":2,"minecraft:crouch_one_cm":8665,"minecraft:play_time":34837,"minecraft:sneak_time":3446,"minecraft:walk_under_water_one_cm":5071,"minecraft:boat_one_cm":62691,"minecraft:jump":917,"minecraft:walk_on_water_one_cm":9837,"minecraft:total_world_time":34837,"minecraft:fall_one_cm":22356},"minecraft:killed":{"minecraft:iron_golem":1,"minecraft:creeper":1,"minecraft:skeleton":3,"minecraft:zombie":1,"minecraft:enderman":1},"minecraft:picked_up":{"minecraft:crafting_table":6,"minecraft:potato":2,"minecraft:flint":1,"minecraft:oak_log":20,"minecraft:gunpowder":2,"minecraft:dirt":8,"minecraft:bone":6,"minecraft:wheat_seeds":2,"minecraft:iron_ingot":5,"minecraft:oak_boat":4,"minecraft:sugar_cane":23,"minecraft:furnace":2,"minecraft:raw_iron":44,"minecraft:torch":1,"minecraft:gravel":5,"minecraft:white_bed":3,"minecraft:carrot":4,"minecraft:rotten_flesh":2,"minecraft:hay_block":34,"minecraft:granite":5,"minecraft:oak_sapling":1,"minecraft:coal":82,"minecraft:cobblestone":84},"minecraft:mined":{"minecraft:white_bed":3,"minecraft:crafting_table":7,"minecraft:granite":5,"minecraft:short_grass":7,"minecraft:grass_block":6,"minecraft:tall_grass":2,"minecraft:cobblestone":4,"minecraft:sugar_cane":10,"minecraft:hay_block":34,"minecraft:furnace":2,"minecraft:carrots":4,"minecraft:iron_ore":44,"minecraft:wheat":1,"minecraft:coal_ore":54,"minecraft:potatoes":3,"minecraft:oak_log":20,"minecraft:gravel":6,"minecraft:dirt":2,"minecraft:stone":81,"minecraft:oak_leaves":12}},"DataVersion":3953}