{"stats":{"minecraft:crafted":{"minecraft:oak_planks":80,"minecraft:stone_shovel":1,"minecraft:crafting_table":5,"minecraft:wooden_pickaxe":1,"minecraft:furnace":2,"minecraft:bucket":2,"minecraft:stone_axe":2,"minecraft:bread":39,"minecraft:air":0,"minecraft:flint_and_steel":1,"minecraft:oak_boat":1,"minecraft:iron_boots":1,"minecraft:iron_chestplate":1,"minecraft:shield":1,"minecraft:stick":32,"minecraft:iron_ingot":28,"minecraft:iron_pickaxe":1,"minecraft:stone_pickaxe":1,"minecraft:oak_stairs":16,"minecraft:iron_shovel":1,"minecraft:iron_leggings":1,"minecraft:acacia_planks":4,"minecraft:torch":72,"minecraft:stone_hoe":1,"minecraft:shears":1,"minecraft:wheat":117},"minecraft:used":{"minecraft:short_grass":1,"minecraft:water_bucket":17,"minecraft:iron_shovel":24,"minecraft:flint_and_steel":14,"minecraft:stone_shovel":21,"minecraft:stone_pickaxe":113,"minecraft:wooden_pickaxe":37,"minecraft:shield":6,"minecraft:sugar_cane":31,"minecraft:stone_hoe":35,"minecraft:rotten_flesh":2,"minecraft:torch":64,"minecraft:dirt":7,"minecraft:sand":9,"minecraft:crafting_table":11,"minecraft:white_bed":3,"minecraft:shears":4,"minecraft:lava_bucket":6,"minecraft:oak_stairs":8,"minecraft:bread":9,"minecraft:iron_pickaxe":54,"minecraft:stone_axe":130,"minecraft:cobblestone":29,"minecraft:furnace":4,"minecraft:bucket":25,"minecraft:oak_boat":4,"minecraft:cooked_beef":3,"minecraft:iron_leggings":1},"minecraft:custom":{"minecraft:interact_with_furnace":19,"minecraft:mob_kills":17,"minecraft:interact_with_crafting_table":24,"minecraft:leave_game":3,"minecraft:time_since_death":58682,"minecraft:sleep_in_bed":4,"minecraft:time_since_rest":10879,"minecraft:sprint_one_cm":168712,"minecraft:damage_taken":284,"minecraft:walk_one_cm":92234,"minecraft:damage_blocked_by_shield":390,"minecraft:drop":10,"minecraft:damage_dealt":5286,"minecraft:swim_one_cm":33974,"minecraft:talked_to_villager":4,"minecraft:fly_one_cm":364124,"minecraft:open_chest":19,"minecraft:play_time":58682,"minecraft:crouch_one_cm":10289,"minecraft:sneak_time":4326,"minecraft:walk_under_water_one_cm":5159,"minecraft:boat_one_cm":62691,"minecraft:jump":1602,"minecraft:walk_on_water_one_cm":11467,"minecraft:total_world_time":58682,"minecraft:fall_one_cm":35366},"minecraft:broken":{"minecraft:stone_axe":1},"minecraft:dropped":{"minecraft:gravel":5,"minecraft:short_grass":30,"minecraft:wheat_seeds":5,"minecraft:rotten_flesh":2,"minecraft:leather":6,"minecraft:granite":5,"minecraft:poppy":2,"minecraft:wooden_pickaxe":1,"minecraft:stone_pickaxe":1},"minecraft:killed":{"minecraft:iron_golem":3,"minecraft:creeper":1,"minecraft:skeleton":3,"minecraft:trader_llama":2,"minecraft:zombie":3,"minecraft:enderman":1,"minecraft:cow":4},"minecraft:picked_up":{"minecraft:crafting_table":6,"minecraft:cooked_beef":6,"minecraft:lead":2,"minecraft:leather":12,"minecraft:acacia_wood":1,"minecraft:oak_stairs":1,"minecraft:potato":2,"minecraft:flint":1,"minecraft:oak_log":20,"minecraft:gunpowder":2,"minecraft:dirt":23,"minecraft:bone":6,"minecraft:wheat_seeds":10,"minecraft:cartography_table":1,"minecraft:iron_ingot":13,"minecraft:beef":2,"minecraft:oak_boat":4,"minecraft:poppy":4,"minecraft:sugar_cane":31,"minecraft:acacia_sapling":1,"minecraft:furnace":2,"minecraft:stick":1,"minecraft:raw_iron":44,"minecraft:acacia_log":19,"minecraft:torch":2,"minecraft:sand":20,"minecraft:gravel":5,"minecraft:white_bed":3,"minecraft:carrot":4,"minecraft:rotten_flesh":4,"minecraft:short_grass":31,"minecraft:hay_block":34,"minecraft:granite":5,"minecraft:oak_sapling":1,"minecraft:coal":82,"minecraft:white_wool":62,"minecraft:cobblestone":90},"minecraft:mined":{"minecraft:acacia_leaves":4,"minecraft:white_bed":3,"minecraft:crafting_table":7,"minecraft:granite":5,"minecraft:short_grass":28,"minecraft:acacia_log":19,"minecraft:grass_block":11,"minecraft:tall_grass":16,"minecraft:cobblestone":10,"minecraft:sugar_cane":16,"minecraft:cartography_table":1,"minecraft:hay_block":34,"minecraft:furnace":2,"minecraft:carrots":4,"minecraft:iron_ore":44,"minecraft:wheat":1,"minecraft:fire":20,"minecraft:acacia_wood":1,"minecraft:oak_log":20,"minecraft:potatoes":3,"minecraft:coal_ore":54,"minecraft:dirt_path":3,"minecraft:oak_stairs":1,"minecraft:sand":20,"minecraft:gravel":6,"minecraft:dirt":9,"minecraft:stone":81,"minecraft:oak_leaves":12}},"DataVersion":3953}