{"stats":{"minecraft:crafted":{"minecraft:oak_planks":80,"minecraft:stone_shovel":1,"minecraft:crafting_table":2,"minecraft:wooden_pickaxe":1,"minecraft:furnace":2,"minecraft:bucket":1,"minecraft:stone_axe":1,"minecraft:bread":39,"minecraft:air":0,"minecraft:flint_and_steel":1,"minecraft:oak_boat":1,"minecraft:iron_boots":1,"minecraft:iron_chestplate":1,"minecraft:shield":1,"minecraft:stick":32,"minecraft:iron_ingot":28,"minecraft:iron_pickaxe":1,"minecraft:stone_pickaxe":1,"minecraft:iron_leggings":1,"minecraft:torch":72,"minecraft:stone_hoe":1,"minecraft:shears":1,"minecraft:wheat":117},"minecraft:used":{"minecraft:short_grass":1,"minecraft:water_bucket":2,"minecraft:flint_and_steel":14,"minecraft:stone_shovel":21,"minecraft:stone_pickaxe":113,"minecraft:wooden_pickaxe":37,"minecraft:shield":6,"minecraft:stone_hoe":35,"minecraft:rotten_flesh":2,"minecraft:torch":63,"minecraft:dirt":7,"minecraft:crafting_table":8,"minecraft:white_bed":3,"minecraft:shears":4,"minecraft:bread":9,"minecraft:iron_pickaxe":46,"minecraft:stone_axe":93,"minecraft:cobblestone":26,"minecraft:furnace":2,"minecraft:bucket":3,"minecraft:oak_boat":4,"minecraft:cooked_beef":3,"minecraft:iron_leggings":1},"minecraft:custom":{"minecraft:interact_with_furnace":15,"minecraft:mob_kills":13,"minecraft:interact_with_crafting_table":18,"minecraft:leave_game":2,"minecraft:time_since_death":46837,"minecraft:sleep_in_bed":4,"minecraft:time_since_rest":0,"minecraft:sprint_one_cm":147547,"minecraft:damage_taken":258,"minecraft:walk_one_cm":71030,"minecraft:damage_blocked_by_shield":390,"minecraft:drop":9,"minecraft:damage_dealt":3707,"minecraft:talked_to_villager":1,"minecraft:swim_one_cm":33974,"minecraft:fly_one_cm":322787,"minecraft:open_chest":10,"minecraft:crouch_one_cm":9071,"minecraft:play_time":46837,"minecraft:sneak_time":3762,"minecraft:walk_under_water_one_cm":5159,"minecraft:boat_one_cm":62691,"minecraft:jump":1398,"minecraft:walk_on_water_one_cm":11112,"minecraft:total_world_time":46837,"minecraft:fall_one_cm":33578},"minecraft:dropped":{"minecraft:gravel":5,"minecraft:short_grass":30,"minecraft:wheat_seeds":5,"minecraft:rotten_flesh":2,"minecraft:granite":5,"minecraft:poppy":2,"minecraft:stone_pickaxe":1,"minecraft:wooden_pickaxe":1},"minecraft:killed":{"minecraft:iron_golem":2,"minecraft:creeper":1,"minecraft:skeleton":3,"minecraft:zombie":2,"minecraft:cow":4,"minecraft:enderman":1},"minecraft:picked_up":{"minecraft:crafting_table":6,"minecraft:cooked_beef":6,"minecraft:leather":6,"minecraft:potato":2,"minecraft:flint":1,"minecraft:oak_log":20,"minecraft:gunpowder":2,"minecraft:dirt":23,"minecraft:bone":6,"minecraft:wheat_seeds":9,"minecraft:cartography_table":1,"minecraft:beef":2,"minecraft:iron_ingot":9,"minecraft:oak_boat":4,"minecraft:poppy":2,"minecraft:sugar_cane":27,"minecraft:furnace":2,"minecraft:raw_iron":44,"minecraft:torch":1,"minecraft:gravel":5,"minecraft:white_bed":3,"minecraft:carrot":4,"minecraft:rotten_flesh":4,"minecraft:short_grass":31,"minecraft:hay_block":34,"minecraft:granite":5,"minecraft:oak_sapling":1,"minecraft:white_wool":62,"minecraft:coal":82,"minecraft:cobblestone":87},"minecraft:mined":{"minecraft:white_bed":3,"minecraft:crafting_table":7,"minecraft:granite":5,"minecraft:short_grass":28,"minecraft:grass_block":11,"minecraft:tall_grass":16,"minecraft:cobblestone":7,"minecraft:sugar_cane":12,"minecraft:cartography_table":1,"minecraft:hay_block":34,"minecraft:furnace":2,"minecraft:carrots":4,"minecraft:iron_ore":44,"minecraft:fire":20,"minecraft:wheat":1,"minecraft:coal_ore":54,"minecraft:potatoes":3,"minecraft:oak_log":20,"minecraft:dirt_path":3,"minecraft:gravel":6,"minecraft:dirt":9,"minecraft:stone":81,"minecraft:oak_leaves":12}},"DataVersion":3953}