{"stats":{"minecraft:crafted":{"minecraft:oak_planks":100,"minecraft:stone_shovel":1,"minecraft:crafting_table":5,"minecraft:wooden_pickaxe":1,"minecraft:furnace":2,"minecraft:bucket":2,"minecraft:stone_axe":2,"minecraft:bread":39,"minecraft:air":0,"minecraft:flint_and_steel":1,"minecraft:oak_boat":2,"minecraft:iron_boots":1,"minecraft:iron_chestplate":1,"minecraft:shield":1,"minecraft:ladder":3,"minecraft:stick":44,"minecraft:iron_ingot":28,"minecraft:iron_pickaxe":1,"minecraft:stone_pickaxe":1,"minecraft:oak_stairs":16,"minecraft:iron_shovel":1,"minecraft:iron_leggings":1,"minecraft:acacia_planks":80,"minecraft:torch":72,"minecraft:stone_hoe":1,"minecraft:shears":1,"minecraft:wheat":180},"minecraft:used":{"minecraft:short_grass":1,"minecraft:water_bucket":18,"minecraft:acacia_log":2,"minecraft:iron_shovel":32,"minecraft:flint_and_steel":14,"minecraft:stone_shovel":23,"minecraft:stone_pickaxe":113,"minecraft:ladder":2,"minecraft:wooden_pickaxe":37,"minecraft:shield":14,"minecraft:sugar_cane":31,"minecraft:stone_hoe":44,"minecraft:rotten_flesh":2,"minecraft:orange_bed":8,"minecraft:torch":75,"minecraft:dirt":7,"minecraft:sand":9,"minecraft:crafting_table":11,"minecraft:red_bed":2,"minecraft:white_bed":3,"minecraft:shears":4,"minecraft:lava_bucket":9,"minecraft:oak_stairs":8,"minecraft:bread":14,"minecraft:iron_pickaxe":97,"minecraft:stone_axe":190,"minecraft:cobblestone":92,"minecraft:furnace":4,"minecraft:bucket":29,"minecraft:oak_boat":6,"minecraft:cooked_beef":5,"minecraft:acacia_planks":68,"minecraft:iron_leggings":1},"minecraft:custom":{"minecraft:interact_with_furnace":19,"minecraft:mob_kills":29,"minecraft:animals_bred":1,"minecraft:interact_with_crafting_table":28,"minecraft:bell_ring":1,"minecraft:leave_game":3,"minecraft:time_since_death":82682,"minecraft:sleep_in_bed":6,"minecraft:climb_one_cm":2393,"minecraft:time_since_rest":1127,"minecraft:sprint_one_cm":277059,"minecraft:damage_taken":528,"minecraft:walk_one_cm":158378,"minecraft:damage_blocked_by_shield":870,"minecraft:drop":18,"minecraft:damage_dealt":7464,"minecraft:swim_one_cm":33974,"minecraft:talked_to_villager":6,"minecraft:fly_one_cm":522838,"minecraft:open_chest":30,"minecraft:play_time":82682,"minecraft:crouch_one_cm":11524,"minecraft:sneak_time":4992,"minecraft:walk_under_water_one_cm":5159,"minecraft:boat_one_cm":62706,"minecraft:interact_with_brewingstand":1,"minecraft:jump":2258,"minecraft:walk_on_water_one_cm":11893,"minecraft:total_world_time":82682,"minecraft:fall_one_cm":47565},"minecraft:broken":{"minecraft:stone_axe":1},"minecraft:dropped":{"minecraft:gravel":5,"minecraft:short_grass":30,"minecraft:wheat_seeds":11,"minecraft:cobblestone":3,"minecraft:rotten_flesh":2,"minecraft:leather":6,"minecraft:granite":5,"minecraft:poppy":4,"minecraft:melon_seeds":1,"minecraft:beef":2,"minecraft:wooden_pickaxe":1,"minecraft:stone_pickaxe":1},"minecraft:killed":{"minecraft:spider":1,"minecraft:iron_golem":3,"minecraft:creeper":4,"minecraft:skeleton":5,"minecraft:trader_llama":2,"minecraft:zombie":8,"minecraft:enderman":1,"minecraft:cow":4},"minecraft:picked_up":{"minecraft:crafting_table":7,"minecraft:cooked_beef":6,"minecraft:lead":8,"minecraft:leather":12,"minecraft:acacia_wood":1,"minecraft:oak_stairs":1,"minecraft:potato":2,"minecraft:flint":1,"minecraft:oak_log":25,"minecraft:brewing_stand":3,"minecraft:gunpowder":7,"minecraft:dirt":24,"minecraft:red_bed":2,"minecraft:bone":9,"minecraft:stonecutter":1,"minecraft:wheat_seeds":11,"minecraft:cartography_table":2,"minecraft:grindstone":3,"minecraft:iron_ingot":13,"minecraft:beef":2,"minecraft:oak_boat":6,"minecraft:poppy":4,"minecraft:sugar_cane":57,"minecraft:acacia_sapling":7,"minecraft:furnace":2,"minecraft:stick":3,"minecraft:raw_iron":44,"minecraft:acacia_log":30,"minecraft:torch":3,"minecraft:sand":28,"minecraft:gravel":5,"minecraft:blast_furnace":1,"minecraft:white_bed":4,"minecraft:carrot":4,"minecraft:spider_eye":1,"minecraft:orange_bed":8,"minecraft:rotten_flesh":6,"minecraft:short_grass":31,"minecraft:hay_block":41,"minecraft:granite":5,"minecraft:melon_seeds":1,"minecraft:oak_sapling":1,"minecraft:coal":82,"minecraft:white_wool":62,"minecraft:cobblestone":123},"minecraft:mined":{"minecraft:red_bed":2,"minecraft:acacia_leaves":10,"minecraft:white_bed":4,"minecraft:brewing_stand":3,"minecraft:torch":1,"minecraft:crafting_table":8,"minecraft:granite":5,"minecraft:short_grass":44,"minecraft:blast_furnace":1,"minecraft:acacia_log":31,"minecraft:grass_block":12,"minecraft:tall_grass":17,"minecraft:cobblestone":41,"minecraft:grindstone":3,"minecraft:sugar_cane":39,"minecraft:cartography_table":2,"minecraft:hay_block":41,"minecraft:furnace":2,"minecraft:carrots":4,"minecraft:iron_ore":44,"minecraft:wheat":1,"minecraft:fire":20,"minecraft:acacia_wood":1,"minecraft:oak_log":25,"minecraft:potatoes":3,"minecraft:coal_ore":54,"minecraft:dirt_path":3,"minecraft:oak_stairs":1,"minecraft:sand":30,"minecraft:gravel":6,"minecraft:dirt":9,"minecraft:stonecutter":1,"minecraft:stone":81,"minecraft:orange_bed":8,"minecraft:oak_leaves":13}},"DataVersion":3953}