{"stats":{"minecraft:crafted":{"minecraft:oak_planks":120,"minecraft:stone_shovel":1,"minecraft:furnace":2,"minecraft:bone_meal":72,"minecraft:flint_and_steel":1,"minecraft:iron_boots":1,"minecraft:iron_axe":2,"minecraft:ladder":3,"minecraft:stone_pickaxe":1,"minecraft:chest":4,"minecraft:stone_hoe":1,"minecraft:wheat":441,"minecraft:crafting_table":11,"minecraft:iron_helmet":1,"minecraft:wooden_pickaxe":1,"minecraft:baked_potato":24,"minecraft:bucket":2,"minecraft:stone_axe":2,"minecraft:bread":145,"minecraft:air":0,"minecraft:oak_boat":3,"minecraft:iron_chestplate":1,"minecraft:diamond_pickaxe":1,"minecraft:shield":3,"minecraft:stick":88,"minecraft:iron_ingot":44,"minecraft:iron_pickaxe":2,"minecraft:oak_stairs":20,"minecraft:wooden_axe":1,"minecraft:iron_shovel":1,"minecraft:acacia_door":3,"minecraft:iron_leggings":1,"minecraft:white_bed":1,"minecraft:acacia_planks":128,"minecraft:torch":196,"minecraft:shears":1},"minecraft:used":{"minecraft:iron_shovel":92,"minecraft:acacia_log":2,"minecraft:flint_and_steel":14,"minecraft:stone_shovel":27,"minecraft:ladder":2,"minecraft:poppy":5,"minecraft:chest":4,"minecraft:shield":52,"minecraft:iron_sword":3,"minecraft:rotten_flesh":23,"minecraft:stone_hoe":54,"minecraft:orange_bed":8,"minecraft:torch":219,"minecraft:dirt":20,"minecraft:wooden_axe":1,"minecraft:lava_bucket":26,"minecraft:iron_axe":208,"minecraft:oak_stairs":23,"minecraft:furnace":4,"minecraft:egg":2,"minecraft:cooked_beef":6,"minecraft:cobbled_deepslate":150,"minecraft:acacia_planks":73,"minecraft:iron_leggings":1,"minecraft:short_grass":1,"minecraft:water_bucket":75,"minecraft:stone_pickaxe":113,"minecraft:baked_potato":24,"minecraft:wooden_pickaxe":37,"minecraft:sugar_cane":71,"minecraft:glow_berries":42,"minecraft:sand":49,"minecraft:crafting_table":21,"minecraft:red_bed":2,"minecraft:blast_furnace":1,"minecraft:white_bed":12,"minecraft:shears":4,"minecraft:diamond_pickaxe":26,"minecraft:acacia_door":17,"minecraft:bread":21,"minecraft:iron_pickaxe":472,"minecraft:gravel":12,"minecraft:stone_axe":196,"minecraft:cobblestone":92,"minecraft:bucket":103,"minecraft:oak_boat":10,"minecraft:bone_meal":72},"minecraft:custom":{"minecraft:mob_kills":87,"minecraft:animals_bred":2,"minecraft:interact_with_crafting_table":57,"minecraft:bell_ring":1,"minecraft:leave_game":6,"minecraft:time_since_death":3348,"minecraft:climb_one_cm":7227,"minecraft:sprint_one_cm":533409,"minecraft:walk_one_cm":372738,"minecraft:damage_blocked_by_shield":2992,"minecraft:drop":38,"minecraft:talked_to_villager":6,"minecraft:play_time":226096,"minecraft:sneak_time":18109,"minecraft:deaths":8,"minecraft:walk_under_water_one_cm":54084,"minecraft:boat_one_cm":346737,"minecraft:interact_with_brewingstand":1,"minecraft:jump":4588,"minecraft:interact_with_blast_furnace":1,"minecraft:walk_on_water_one_cm":74811,"minecraft:total_world_time":226096,"minecraft:interact_with_furnace":31,"minecraft:sleep_in_bed":16,"minecraft:time_since_rest":974,"minecraft:damage_taken":5188,"minecraft:damage_dealt":23504,"minecraft:swim_one_cm":385691,"minecraft:fly_one_cm":932930,"minecraft:open_chest":70,"minecraft:crouch_one_cm":34470,"minecraft:fall_one_cm":107754},"minecraft:broken":{"minecraft:shield":1,"minecraft:iron_axe":1,"minecraft:stone_axe":1,"minecraft:iron_pickaxe":1},"minecraft:dropped":{"minecraft:water_bucket":1,"minecraft:stone_hoe":1,"minecraft:golden_boots":2,"minecraft:bread":138,"minecraft:short_grass":30,"minecraft:wheat_seeds":16,"minecraft:cobblestone":3,"minecraft:leather":6,"minecraft:granite":5,"minecraft:gray_wool":1,"minecraft:wooden_axe":1,"minecraft:string":4,"minecraft:bone":24,"minecraft:gravel":7,"minecraft:stone_axe":1,"minecraft:rotten_flesh":2,"minecraft:cooked_mutton":2,"minecraft:poppy":4,"minecraft:melon_seeds":1,"minecraft:ladder":1,"minecraft:spider_eye":1,"minecraft:wooden_pickaxe":1,"minecraft:stone_pickaxe":1,"minecraft:beef":2},"minecraft:killed_by":{"minecraft:iron_golem":2,"minecraft:skeleton":1},"minecraft:killed":{"minecraft:spider":3,"minecraft:skeleton":12,"minecraft:zombie_villager":1,"minecraft:iron_golem":9,"minecraft:creeper":10,"minecraft:trader_llama":2,"minecraft:zombie":43,"minecraft:enderman":1,"minecraft:cow":4},"minecraft:picked_up":{"minecraft:crafting_table":12,"minecraft:iron_chestplate":2,"minecraft:wheat":2,"minecraft:ladder":2,"minecraft:lead":10,"minecraft:oak_stairs":11,"minecraft:brewing_stand":3,"minecraft:shield":2,"minecraft:music_disc_cat":1,"minecraft:string":12,"minecraft:red_bed":2,"minecraft:iron_axe":3,"minecraft:acacia_door":18,"minecraft:flint_and_steel":2,"minecraft:iron_leggings":3,"minecraft:iron_shovel":2,"minecraft:cartography_table":2,"minecraft:cobbled_deepslate":325,"minecraft:bucket":2,"minecraft:beef":2,"minecraft:oak_boat":11,"minecraft:poppy":9,"minecraft:iron_pickaxe":5,"minecraft:enchanted_golden_apple":1,"minecraft:sugar_cane":125,"minecraft:egg":2,"minecraft:furnace":4,"minecraft:iron_boots":3,"minecraft:golden_helmet":1,"minecraft:stick":19,"minecraft:raw_iron":75,"minecraft:torch":26,"minecraft:acacia_log":42,"minecraft:porkchop":11,"minecraft:carrot":4,"minecraft:redstone":14,"minecraft:orange_bed":8,"minecraft:arrow":24,"minecraft:rotten_flesh":38,"minecraft:stone_shovel":1,"minecraft:shears":2,"minecraft:hay_block":49,"minecraft:glow_berries":72,"minecraft:obsidian":17,"minecraft:white_wool":62,"minecraft:cobblestone":175,"minecraft:cooked_beef":7,"minecraft:water_bucket":3,"minecraft:leather":12,"minecraft:acacia_wood":1,"minecraft:potato":2,"minecraft:flint":1,"minecraft:tuff":19,"minecraft:oak_log":30,"minecraft:golden_boots":2,"minecraft:gunpowder":28,"minecraft:lapis_lazuli":34,"minecraft:dirt":69,"minecraft:name_tag":2,"minecraft:cooked_mutton":4,"minecraft:bone":73,"minecraft:acacia_planks":23,"minecraft:stonecutter":1,"minecraft:wheat_seeds":19,"minecraft:stone_pickaxe":1,"minecraft:raw_gold":56,"minecraft:grindstone":3,"minecraft:iron_ingot":107,"minecraft:acacia_sapling":14,"minecraft:stone_hoe":2,"minecraft:oak_planks":74,"minecraft:pink_bed":1,"minecraft:cooked_porkchop":2,"minecraft:raw_iron_block":8,"minecraft:gravel":19,"minecraft:lava_bucket":2,"minecraft:sand":105,"minecraft:blast_furnace":1,"minecraft:white_bed":11,"minecraft:spider_eye":7,"minecraft:diamond":105,"minecraft:short_grass":31,"minecraft:iron_helmet":2,"minecraft:granite":5,"minecraft:gray_wool":2,"minecraft:golden_apple":3,"minecraft:bread":2,"minecraft:black_wool":2,"minecraft:oak_sapling":2,"minecraft:melon_seeds":1,"minecraft:coal":170},"minecraft:mined":{"minecraft:diamond_ore":1,"minecraft:tuff":11,"minecraft:white_bed":11,"minecraft:deepslate_diamond_ore":54,"minecraft:brewing_stand":3,"minecraft:obsidian":17,"minecraft:cave_vines_plant":1,"minecraft:granite":5,"minecraft:acacia_log":34,"minecraft:grass_block":12,"minecraft:cartography_table":2,"minecraft:hay_block":50,"minecraft:furnace":2,"minecraft:carrots":4,"minecraft:iron_ore":44,"minecraft:cobbled_deepslate":20,"minecraft:fire":20,"minecraft:acacia_wood":1,"minecraft:deepslate_lapis_ore":3,"minecraft:potatoes":3,"minecraft:dirt_path":3,"minecraft:cave_vines":8,"minecraft:deepslate_iron_ore":21,"minecraft:rail":8,"minecraft:oak_stairs":3,"minecraft:stone":93,"minecraft:orange_bed":8,"minecraft:acacia_leaves":10,"minecraft:red_bed":2,"minecraft:crafting_table":12,"minecraft:torch":4,"minecraft:short_grass":52,"minecraft:blast_furnace":1,"minecraft:tall_grass":18,"minecraft:cobblestone":52,"minecraft:deepslate_gold_ore":23,"minecraft:grindstone":3,"minecraft:sugar_cane":77,"minecraft:oak_planks":11,"minecraft:wall_torch":2,"minecraft:wheat":2,"minecraft:oak_log":30,"minecraft:coal_ore":69,"minecraft:acacia_door":15,"minecraft:gravel":21,"minecraft:sand":70,"minecraft:dirt":21,"minecraft:acacia_planks":3,"minecraft:stonecutter":1,"minecraft:gold_ore":6,"minecraft:oak_leaves":14,"minecraft:deepslate":196}},"DataVersion":3953}