{"stats":{"minecraft:used":{"minecraft:dirt":1},"minecraft:custom":{"minecraft:jump":28,"minecraft:time_since_rest":816,"minecraft:leave_game":1,"minecraft:sprint_one_cm":1783,"minecraft:play_time":816,"minecraft:walk_on_water_one_cm":172,"minecraft:time_since_death":816,"minecraft:walk_one_cm":3298,"minecraft:total_world_time":816,"minecraft:fall_one_cm":209,"minecraft:fly_one_cm":3055},"minecraft:picked_up":{"minecraft:dirt":1},"minecraft:mined":{"minecraft:grass_block":1}},"DataVersion":3953}