{"stats":{"minecraft:crafted":{"minecraft:oak_planks":20,"minecraft:stone_shovel":1,"minecraft:stone_axe":1,"minecraft:crafting_table":1,"minecraft:stick":8,"minecraft:wooden_pickaxe":1},"minecraft:used":{"minecraft:dirt":7,"minecraft:crafting_table":1,"minecraft:wooden_pickaxe":37},"minecraft:custom":{"minecraft:time_since_rest":4837,"minecraft:crouch_one_cm":3487,"minecraft:sprint_one_cm":7826,"minecraft:play_time":4837,"minecraft:walk_one_cm":6923,"minecraft:sneak_time":1207,"minecraft:walk_under_water_one_cm":128,"minecraft:jump":92,"minecraft:leave_game":2,"minecraft:walk_on_water_one_cm":401,"minecraft:time_since_death":4837,"minecraft:total_world_time":4837,"minecraft:swim_one_cm":1271,"minecraft:interact_with_crafting_table":2,"minecraft:fall_one_cm":1254,"minecraft:fly_one_cm":20801},"minecraft:picked_up":{"minecraft:wheat_seeds":1,"minecraft:oak_log":5,"minecraft:sugar_cane":4,"minecraft:dirt":8,"minecraft:cobblestone":34},"minecraft:mined":{"minecraft:short_grass":5,"minecraft:grass_block":6,"minecraft:oak_log":5,"minecraft:dirt":2,"minecraft:tall_grass":2,"minecraft:stone":34,"minecraft:sugar_cane":2,"minecraft:oak_leaves":1}},"DataVersion":3953}