{"stats":{"minecraft:crafted":{"minecraft:oak_planks":80,"minecraft:stone_shovel":1,"minecraft:shield":1,"minecraft:crafting_table":2,"minecraft:stick":20,"minecraft:wooden_pickaxe":1,"minecraft:stone_pickaxe":1,"minecraft:bucket":1,"minecraft:torch":32,"minecraft:stone_hoe":1,"minecraft:stone_axe":1,"minecraft:bread":39,"minecraft:wheat":117},"minecraft:used":{"minecraft:bread":3,"minecraft:stone_pickaxe":74,"minecraft:wooden_pickaxe":37,"minecraft:stone_hoe":35,"minecraft:rotten_flesh":2,"minecraft:stone_axe":49,"minecraft:torch":22,"minecraft:dirt":7,"minecraft:cobblestone":10,"minecraft:crafting_table":5,"minecraft:bucket":1,"minecraft:white_bed":1},"minecraft:custom":{"minecraft:time_since_rest":4737,"minecraft:sprint_one_cm":45284,"minecraft:damage_taken":85,"minecraft:walk_one_cm":30452,"minecraft:mob_kills":3,"minecraft:damage_dealt":1368,"minecraft:interact_with_crafting_table":6,"minecraft:swim_one_cm":1271,"minecraft:fly_one_cm":111200,"minecraft:open_chest":1,"minecraft:crouch_one_cm":5268,"minecraft:play_time":16837,"minecraft:sneak_time":2165,"minecraft:walk_under_water_one_cm":128,"minecraft:jump":471,"minecraft:leave_game":2,"minecraft:time_since_death":16837,"minecraft:walk_on_water_one_cm":696,"minecraft:sleep_in_bed":2,"minecraft:total_world_time":16837,"minecraft:fall_one_cm":13344},"minecraft:killed":{"minecraft:zombie":1,"minecraft:iron_golem":1,"minecraft:creeper":1},"minecraft:picked_up":{"minecraft:crafting_table":4,"minecraft:potato":2,"minecraft:oak_log":20,"minecraft:carrot":4,"minecraft:white_bed":2,"minecraft:gunpowder":2,"minecraft:dirt":8,"minecraft:rotten_flesh":2,"minecraft:wheat_seeds":2,"minecraft:hay_block":34,"minecraft:iron_ingot":5,"minecraft:oak_sapling":1,"minecraft:sugar_cane":11,"minecraft:coal":51,"minecraft:cobblestone":56},"minecraft:mined":{"minecraft:hay_block":34,"minecraft:white_bed":2,"minecraft:carrots":4,"minecraft:wheat":1,"minecraft:crafting_table":4,"minecraft:potatoes":3,"minecraft:short_grass":6,"minecraft:oak_log":20,"minecraft:grass_block":6,"minecraft:coal_ore":51,"minecraft:dirt":2,"minecraft:tall_grass":2,"minecraft:cobblestone":3,"minecraft:stone":54,"minecraft:sugar_cane":4,"minecraft:oak_leaves":12}},"DataVersion":3953}