{"stats":{"minecraft:used":{"minecraft:dirt":2},"minecraft:custom":{"minecraft:jump":32,"minecraft:time_since_rest":1089,"minecraft:leave_game":2,"minecraft:play_time":1089,"minecraft:sprint_one_cm":1823,"minecraft:time_since_death":1089,"minecraft:walk_on_water_one_cm":172,"minecraft:walk_one_cm":4576,"minecraft:total_world_time":1089,"minecraft:fall_one_cm":209,"minecraft:fly_one_cm":3055},"minecraft:picked_up":{"minecraft:dirt":2},"minecraft:mined":{"minecraft:grass_block":2}},"DataVersion":3953}