{"stats":{"minecraft:crafted":{"minecraft:stone_shovel":1,"minecraft:oak_planks":120,"minecraft:furnace":2,"minecraft:flint_and_steel":1,"minecraft:iron_boots":1,"minecraft:iron_axe":1,"minecraft:ladder":3,"minecraft:stone_pickaxe":1,"minecraft:stone_hoe":1,"minecraft:wheat":369,"minecraft:crafting_table":7,"minecraft:wooden_pickaxe":1,"minecraft:bucket":2,"minecraft:stone_axe":2,"minecraft:bread":122,"minecraft:air":0,"minecraft:oak_boat":3,"minecraft:iron_chestplate":1,"minecraft:shield":1,"minecraft:stick":56,"minecraft:iron_ingot":44,"minecraft:iron_pickaxe":1,"minecraft:wooden_axe":1,"minecraft:oak_stairs":16,"minecraft:iron_shovel":1,"minecraft:iron_leggings":1,"minecraft:acacia_planks":80,"minecraft:torch":72,"minecraft:shears":1},"minecraft:used":{"minecraft:iron_shovel":39,"minecraft:acacia_log":2,"minecraft:flint_and_steel":14,"minecraft:stone_shovel":23,"minecraft:poppy":1,"minecraft:ladder":2,"minecraft:shield":14,"minecraft:stone_hoe":44,"minecraft:rotten_flesh":2,"minecraft:orange_bed":8,"minecraft:torch":75,"minecraft:dirt":7,"minecraft:wooden_axe":1,"minecraft:lava_bucket":14,"minecraft:iron_axe":13,"minecraft:oak_stairs":9,"minecraft:furnace":4,"minecraft:cooked_beef":6,"minecraft:acacia_planks":73,"minecraft:iron_leggings":1,"minecraft:short_grass":1,"minecraft:water_bucket":20,"minecraft:stone_pickaxe":113,"minecraft:wooden_pickaxe":37,"minecraft:sugar_cane":31,"minecraft:sand":28,"minecraft:crafting_table":13,"minecraft:red_bed":2,"minecraft:blast_furnace":1,"minecraft:white_bed":3,"minecraft:shears":4,"minecraft:bread":16,"minecraft:iron_pickaxe":106,"minecraft:stone_axe":196,"minecraft:cobblestone":92,"minecraft:bucket":34,"minecraft:oak_boat":8},"minecraft:custom":{"minecraft:mob_kills":31,"minecraft:animals_bred":1,"minecraft:interact_with_crafting_table":34,"minecraft:bell_ring":1,"minecraft:leave_game":3,"minecraft:time_since_death":7300,"minecraft:climb_one_cm":3815,"minecraft:sprint_one_cm":298919,"minecraft:walk_one_cm":169414,"minecraft:damage_blocked_by_shield":870,"minecraft:drop":23,"minecraft:talked_to_villager":6,"minecraft:play_time":94682,"minecraft:deaths":1,"minecraft:sneak_time":5564,"minecraft:walk_under_water_one_cm":5159,"minecraft:boat_one_cm":218559,"minecraft:jump":2528,"minecraft:interact_with_brewingstand":1,"minecraft:interact_with_blast_furnace":1,"minecraft:walk_on_water_one_cm":12074,"minecraft:total_world_time":94682,"minecraft:interact_with_furnace":23,"minecraft:sleep_in_bed":6,"minecraft:time_since_rest":7329,"minecraft:damage_taken":817,"minecraft:damage_dealt":9180,"minecraft:swim_one_cm":33974,"minecraft:fly_one_cm":578912,"minecraft:open_chest":34,"minecraft:crouch_one_cm":12693,"minecraft:fall_one_cm":50667},"minecraft:broken":{"minecraft:stone_axe":1},"minecraft:dropped":{"minecraft:bread":115,"minecraft:short_grass":30,"minecraft:wheat_seeds":13,"minecraft:cobblestone":3,"minecraft:leather":6,"minecraft:granite":5,"minecraft:gravel":5,"minecraft:stone_axe":1,"minecraft:rotten_flesh":2,"minecraft:poppy":4,"minecraft:melon_seeds":1,"minecraft:stone_pickaxe":1,"minecraft:beef":2,"minecraft:wooden_pickaxe":1},"minecraft:killed_by":{"minecraft:iron_golem":1},"minecraft:killed":{"minecraft:spider":1,"minecraft:skeleton":5,"minecraft:iron_golem":5,"minecraft:creeper":4,"minecraft:trader_llama":2,"minecraft:zombie":8,"minecraft:enderman":1,"minecraft:cow":4},"minecraft:picked_up":{"minecraft:iron_chestplate":1,"minecraft:crafting_table":9,"minecraft:ladder":1,"minecraft:lead":10,"minecraft:oak_stairs":9,"minecraft:brewing_stand":3,"minecraft:shield":1,"minecraft:red_bed":2,"minecraft:iron_axe":1,"minecraft:flint_and_steel":1,"minecraft:iron_leggings":1,"minecraft:iron_shovel":1,"minecraft:cartography_table":2,"minecraft:bucket":2,"minecraft:beef":2,"minecraft:oak_boat":9,"minecraft:poppy":5,"minecraft:iron_pickaxe":2,"minecraft:sugar_cane":83,"minecraft:iron_boots":1,"minecraft:furnace":2,"minecraft:raw_iron":44,"minecraft:stick":5,"minecraft:torch":4,"minecraft:acacia_log":39,"minecraft:carrot":4,"minecraft:orange_bed":8,"minecraft:stone_shovel":1,"minecraft:rotten_flesh":8,"minecraft:shears":1,"minecraft:hay_block":41,"minecraft:cobblestone":141,"minecraft:white_wool":62,"minecraft:cooked_beef":7,"minecraft:leather":12,"minecraft:acacia_wood":1,"minecraft:potato":2,"minecraft:flint":1,"minecraft:oak_log":30,"minecraft:gunpowder":14,"minecraft:dirt":41,"minecraft:bone":18,"minecraft:acacia_planks":9,"minecraft:stonecutter":1,"minecraft:wheat_seeds":13,"minecraft:iron_ingot":48,"minecraft:grindstone":3,"minecraft:oak_planks":13,"minecraft:stone_hoe":1,"minecraft:acacia_sapling":14,"minecraft:gravel":5,"minecraft:sand":50,"minecraft:blast_furnace":1,"minecraft:white_bed":4,"minecraft:spider_eye":2,"minecraft:short_grass":31,"minecraft:granite":5,"minecraft:oak_sapling":1,"minecraft:melon_seeds":1,"minecraft:coal":97},"minecraft:mined":{"minecraft:white_bed":4,"minecraft:brewing_stand":3,"minecraft:granite":5,"minecraft:acacia_log":31,"minecraft:grass_block":12,"minecraft:cartography_table":2,"minecraft:hay_block":41,"minecraft:furnace":2,"minecraft:carrots":4,"minecraft:iron_ore":44,"minecraft:fire":20,"minecraft:acacia_wood":1,"minecraft:potatoes":3,"minecraft:dirt_path":3,"minecraft:oak_stairs":1,"minecraft:stone":81,"minecraft:orange_bed":8,"minecraft:acacia_leaves":10,"minecraft:red_bed":2,"minecraft:crafting_table":9,"minecraft:torch":2,"minecraft:short_grass":51,"minecraft:blast_furnace":1,"minecraft:tall_grass":18,"minecraft:cobblestone":50,"minecraft:grindstone":3,"minecraft:sugar_cane":39,"minecraft:wheat":1,"minecraft:coal_ore":54,"minecraft:oak_log":30,"minecraft:dirt":9,"minecraft:gravel":6,"minecraft:sand":39,"minecraft:acacia_planks":3,"minecraft:stonecutter":1,"minecraft:oak_leaves":14}},"DataVersion":3953}