{"stats":{"minecraft:crafted":{"minecraft:oak_planks":84,"minecraft:crafting_table":1,"minecraft:stick":36,"minecraft:wooden_pickaxe":1,"minecraft:stone_pickaxe":1,"minecraft:wooden_axe":1,"minecraft:stone_sword":1,"minecraft:torch":12,"minecraft:stone_axe":1},"minecraft:used":{"minecraft:wooden_axe":1,"minecraft:stone_sword":2,"minecraft:stone_pickaxe":37,"minecraft:wooden_pickaxe":4,"minecraft:stone_axe":25,"minecraft:torch":1,"minecraft:dirt":1,"minecraft:crafting_table":2},"minecraft:custom":{"minecraft:time_since_rest":6728,"minecraft:sprint_one_cm":23796,"minecraft:damage_taken":55,"minecraft:walk_one_cm":8649,"minecraft:mob_kills":7,"minecraft:damage_dealt":560,"minecraft:swim_one_cm":3269,"minecraft:interact_with_crafting_table":4,"minecraft:fly_one_cm":46221,"minecraft:crouch_one_cm":1828,"minecraft:play_time":6728,"minecraft:sneak_time":1164,"minecraft:walk_under_water_one_cm":128,"minecraft:jump":186,"minecraft:leave_game":1,"minecraft:time_since_death":6728,"minecraft:walk_on_water_one_cm":258,"minecraft:total_world_time":6728,"minecraft:fall_one_cm":4904},"minecraft:killed":{"minecraft:sheep":7},"minecraft:picked_up":{"minecraft:crafting_table":2,"minecraft:torch":1,"minecraft:oak_log":21,"minecraft:dirt":2,"minecraft:mutton":9,"minecraft:coal":24,"minecraft:white_wool":7,"minecraft:cobblestone":16},"minecraft:mined":{"minecraft:crafting_table":2,"minecraft:torch":1,"minecraft:oak_log":21,"minecraft:grass_block":2,"minecraft:coal_ore":24,"minecraft:stone":16,"minecraft:oak_leaves":1}},"DataVersion":3953}