{"stats":{"minecraft:crafted":{"minecraft:cooked_beef":10,"minecraft:oak_planks":148,"minecraft:cooked_porkchop":11,"minecraft:crafting_table":2,"minecraft:iron_sword":1,"minecraft:iron_helmet":1,"minecraft:wooden_pickaxe":2,"minecraft:furnace":2,"minecraft:cooked_salmon":3,"minecraft:bucket":2,"minecraft:stone_axe":2,"minecraft:cooked_mutton":16,"minecraft:air":0,"minecraft:iron_boots":1,"minecraft:iron_chestplate":1,"minecraft:shield":2,"minecraft:iron_axe":1,"minecraft:stick":56,"minecraft:iron_ingot":50,"minecraft:iron_pickaxe":2,"minecraft:stone_pickaxe":2,"minecraft:wooden_axe":1,"minecraft:stone_sword":1,"minecraft:white_bed":1,"minecraft:iron_leggings":1,"minecraft:torch":128},"minecraft:used":{"minecraft:cooked_mutton":12,"minecraft:water_bucket":1,"minecraft:stone_sword":119,"minecraft:stone_pickaxe":108,"minecraft:oak_planks":28,"minecraft:wooden_pickaxe":7,"minecraft:shield":17,"minecraft:iron_sword":30,"minecraft:torch":104,"minecraft:dirt":3,"minecraft:crafting_table":10,"minecraft:white_bed":6,"minecraft:wooden_axe":9,"minecraft:lava_bucket":6,"minecraft:iron_axe":2,"minecraft:iron_pickaxe":218,"minecraft:stone_axe":55,"minecraft:cobblestone":16,"minecraft:furnace":7,"minecraft:cooked_porkchop":10,"minecraft:bucket":9,"minecraft:cooked_beef":5,"minecraft:cobbled_deepslate":18},"minecraft:custom":{"minecraft:interact_with_furnace":49,"minecraft:mob_kills":61,"minecraft:interact_with_crafting_table":23,"minecraft:leave_game":3,"minecraft:time_since_death":39344,"minecraft:sleep_in_bed":4,"minecraft:time_since_rest":24981,"minecraft:sprint_one_cm":245402,"minecraft:damage_taken":3805,"minecraft:walk_one_cm":96828,"minecraft:damage_blocked_by_shield":1016,"minecraft:drop":16,"minecraft:damage_dealt":7786,"minecraft:swim_one_cm":15221,"minecraft:fly_one_cm":414323,"minecraft:open_chest":1,"minecraft:crouch_one_cm":15843,"minecraft:play_time":71229,"minecraft:deaths":6,"minecraft:sneak_time":8353,"minecraft:walk_under_water_one_cm":6911,"minecraft:jump":2191,"minecraft:walk_on_water_one_cm":8652,"minecraft:total_world_time":71229,"minecraft:fall_one_cm":74820},"minecraft:dropped":{"minecraft:stone_axe":1,"minecraft:wheat_seeds":1,"minecraft:stone_sword":1,"minecraft:cobbled_deepslate":3,"minecraft:oak_fence":3,"minecraft:rotten_flesh":5,"minecraft:cobblestone":8,"minecraft:light_gray_wool":1,"minecraft:leather":8,"minecraft:granite":1,"minecraft:gray_wool":1,"minecraft:wooden_axe":1,"minecraft:arrow":7,"minecraft:wooden_pickaxe":1,"minecraft:white_wool":2,"minecraft:bone":1},"minecraft:killed_by":{"minecraft:skeleton":5,"minecraft:creeper":1},"minecraft:killed":{"minecraft:pig":5,"minecraft:salmon":4,"minecraft:spider":4,"minecraft:bat":1,"minecraft:skeleton":11,"minecraft:sheep":16,"minecraft:zombie":9,"minecraft:cow":9},"minecraft:picked_up":{"minecraft:wooden_axe":4,"minecraft:crafting_table":12,"minecraft:salmon":3,"minecraft:leather":34,"minecraft:wooden_pickaxe":1,"minecraft:oak_log":37,"minecraft:shield":1,"minecraft:dirt":5,"minecraft:string":6,"minecraft:bone":2,"minecraft:wheat_seeds":1,"minecraft:cobbled_deepslate":28,"minecraft:raw_gold":10,"minecraft:iron_ingot":13,"minecraft:beef":14,"minecraft:stone_pickaxe":3,"minecraft:light_gray_wool":1,"minecraft:oak_planks":162,"minecraft:egg":12,"minecraft:furnace":9,"minecraft:stick":92,"minecraft:raw_iron":121,"minecraft:cooked_porkchop":8,"minecraft:oak_fence":6,"minecraft:torch":73,"minecraft:porkchop":29,"minecraft:diorite":4,"minecraft:white_bed":7,"minecraft:stone_sword":7,"minecraft:arrow":12,"minecraft:rotten_flesh":19,"minecraft:diamond":1,"minecraft:stone_axe":3,"minecraft:granite":1,"minecraft:gray_wool":1,"minecraft:oak_sapling":1,"minecraft:black_wool":2,"minecraft:mutton":29,"minecraft:coal":221,"minecraft:white_wool":12,"minecraft:cobblestone":96},"minecraft:mined":{"minecraft:white_bed":6,"minecraft:deepslate_diamond_ore":1,"minecraft:crafting_table":10,"minecraft:torch":2,"minecraft:granite":1,"minecraft:short_grass":8,"minecraft:grass_block":3,"minecraft:cobblestone":1,"minecraft:tall_grass":2,"minecraft:deepslate_coal_ore":3,"minecraft:deepslate_gold_ore":3,"minecraft:wall_torch":1,"minecraft:furnace":7,"minecraft:iron_ore":53,"minecraft:cobbled_deepslate":1,"minecraft:oak_log":37,"minecraft:coal_ore":92,"minecraft:deepslate_iron_ore":59,"minecraft:stone":81,"minecraft:gold_ore":7,"minecraft:oak_leaves":3,"minecraft:deepslate":21}},"DataVersion":3953}