{"stats":{"minecraft:crafted":{"minecraft:cooked_beef":10,"minecraft:oak_planks":148,"minecraft:cooked_porkchop":11,"minecraft:crafting_table":2,"minecraft:iron_sword":1,"minecraft:iron_helmet":1,"minecraft:wooden_pickaxe":2,"minecraft:furnace":2,"minecraft:cooked_salmon":3,"minecraft:bucket":2,"minecraft:stone_axe":2,"minecraft:cooked_mutton":16,"minecraft:air":0,"minecraft:iron_boots":1,"minecraft:iron_chestplate":1,"minecraft:shield":2,"minecraft:iron_axe":1,"minecraft:stick":68,"minecraft:iron_ingot":50,"minecraft:iron_pickaxe":2,"minecraft:stone_pickaxe":2,"minecraft:wooden_axe":1,"minecraft:stone_sword":1,"minecraft:white_bed":1,"minecraft:iron_leggings":1,"minecraft:torch":184},"minecraft:used":{"minecraft:cooked_mutton":17,"minecraft:water_bucket":1,"minecraft:stone_sword":119,"minecraft:stone_pickaxe":108,"minecraft:oak_planks":30,"minecraft:wooden_pickaxe":7,"minecraft:shield":35,"minecraft:iron_sword":77,"minecraft:cooked_salmon":3,"minecraft:torch":164,"minecraft:dirt":3,"minecraft:crafting_table":10,"minecraft:white_bed":7,"minecraft:wooden_axe":9,"minecraft:lava_bucket":6,"minecraft:iron_axe":7,"minecraft:iron_pickaxe":296,"minecraft:gravel":1,"minecraft:stone_axe":55,"minecraft:cobblestone":16,"minecraft:furnace":7,"minecraft:cooked_porkchop":10,"minecraft:bucket":9,"minecraft:cooked_beef":5,"minecraft:cobbled_deepslate":27},"minecraft:custom":{"minecraft:interact_with_furnace":49,"minecraft:mob_kills":71,"minecraft:interact_with_crafting_table":23,"minecraft:leave_game":3,"minecraft:time_since_death":51344,"minecraft:sleep_in_bed":4,"minecraft:time_since_rest":36981,"minecraft:sprint_one_cm":326221,"minecraft:damage_taken":4386,"minecraft:walk_one_cm":118827,"minecraft:damage_blocked_by_shield":2094,"minecraft:drop":23,"minecraft:damage_dealt":10193,"minecraft:swim_one_cm":15221,"minecraft:fly_one_cm":462689,"minecraft:open_chest":2,"minecraft:crouch_one_cm":20171,"minecraft:play_time":83229,"minecraft:deaths":6,"minecraft:sneak_time":11025,"minecraft:walk_under_water_one_cm":6911,"minecraft:jump":2479,"minecraft:walk_on_water_one_cm":8652,"minecraft:total_world_time":83229,"minecraft:fall_one_cm":81169},"minecraft:broken":{"minecraft:iron_pickaxe":1},"minecraft:dropped":{"minecraft:stone_axe":1,"minecraft:wheat_seeds":1,"minecraft:stone_sword":2,"minecraft:cobbled_deepslate":5,"minecraft:oak_fence":3,"minecraft:rotten_flesh":5,"minecraft:cobblestone":8,"minecraft:oak_planks":3,"minecraft:light_gray_wool":1,"minecraft:leather":9,"minecraft:granite":1,"minecraft:rail":3,"minecraft:gray_wool":1,"minecraft:wooden_axe":1,"minecraft:arrow":7,"minecraft:wooden_pickaxe":1,"minecraft:string":5,"minecraft:white_wool":2,"minecraft:bone":2},"minecraft:killed_by":{"minecraft:skeleton":5,"minecraft:creeper":1},"minecraft:killed":{"minecraft:pig":5,"minecraft:zombie_villager":1,"minecraft:salmon":4,"minecraft:spider":5,"minecraft:bat":1,"minecraft:skeleton":15,"minecraft:sheep":16,"minecraft:zombie":13,"minecraft:cow":9},"minecraft:picked_up":{"minecraft:wooden_axe":4,"minecraft:crafting_table":12,"minecraft:salmon":3,"minecraft:leather":34,"minecraft:wooden_pickaxe":1,"minecraft:oak_log":37,"minecraft:shield":1,"minecraft:dirt":5,"minecraft:string":7,"minecraft:bone":5,"minecraft:wheat_seeds":1,"minecraft:cobbled_deepslate":72,"minecraft:raw_gold":10,"minecraft:iron_ingot":13,"minecraft:beef":14,"minecraft:stone_pickaxe":3,"minecraft:light_gray_wool":1,"minecraft:oak_planks":167,"minecraft:egg":12,"minecraft:furnace":9,"minecraft:stick":92,"minecraft:raw_iron":142,"minecraft:cooked_porkchop":8,"minecraft:oak_fence":6,"minecraft:torch":73,"minecraft:gravel":1,"minecraft:porkchop":29,"minecraft:diorite":4,"minecraft:white_bed":7,"minecraft:stone_sword":7,"minecraft:arrow":15,"minecraft:rotten_flesh":22,"minecraft:diamond":12,"minecraft:stone_axe":3,"minecraft:granite":1,"minecraft:gray_wool":1,"minecraft:rail":3,"minecraft:oak_sapling":1,"minecraft:black_wool":2,"minecraft:mutton":29,"minecraft:coal":221,"minecraft:white_wool":12,"minecraft:cobblestone":96},"minecraft:mined":{"minecraft:white_bed":6,"minecraft:deepslate_diamond_ore":12,"minecraft:crafting_table":10,"minecraft:torch":2,"minecraft:granite":1,"minecraft:short_grass":8,"minecraft:grass_block":3,"minecraft:cobblestone":1,"minecraft:tall_grass":2,"minecraft:deepslate_coal_ore":3,"minecraft:deepslate_gold_ore":3,"minecraft:oak_planks":5,"minecraft:wall_torch":1,"minecraft:furnace":7,"minecraft:iron_ore":53,"minecraft:cobbled_deepslate":1,"minecraft:oak_log":37,"minecraft:coal_ore":92,"minecraft:deepslate_iron_ore":80,"minecraft:rail":2,"minecraft:cobweb":1,"minecraft:stone":81,"minecraft:gold_ore":7,"minecraft:oak_leaves":3,"minecraft:deepslate":65}},"DataVersion":3953}