{"stats":{"minecraft:crafted":{"minecraft:oak_planks":164,"minecraft:pink_bed":1,"minecraft:furnace":2,"minecraft:pink_dye":6,"minecraft:cooked_mutton":16,"minecraft:iron_boots":1,"minecraft:iron_axe":1,"minecraft:stone_pickaxe":2,"minecraft:chest":2,"minecraft:raw_iron_block":8,"minecraft:cooked_beef":10,"minecraft:cooked_porkchop":11,"minecraft:crafting_table":2,"minecraft:wooden_pickaxe":2,"minecraft:iron_helmet":1,"minecraft:iron_sword":1,"minecraft:raw_gold_block":1,"minecraft:cooked_salmon":3,"minecraft:bucket":2,"minecraft:stone_axe":2,"minecraft:air":0,"minecraft:iron_chestplate":1,"minecraft:pink_wool":3,"minecraft:shield":2,"minecraft:raw_gold":9,"minecraft:stick":68,"minecraft:iron_ingot":50,"minecraft:iron_pickaxe":2,"minecraft:wooden_axe":1,"minecraft:stone_sword":1,"minecraft:iron_leggings":1,"minecraft:white_bed":1,"minecraft:torch":184},"minecraft:used":{"minecraft:peony":4,"minecraft:stone_sword":119,"minecraft:chest":2,"minecraft:shield":35,"minecraft:iron_sword":91,"minecraft:cooked_salmon":3,"minecraft:torch":176,"minecraft:dirt":3,"minecraft:mutton":1,"minecraft:wooden_axe":9,"minecraft:lava_bucket":6,"minecraft:iron_axe":39,"minecraft:furnace":9,"minecraft:cooked_beef":5,"minecraft:cobbled_deepslate":53,"minecraft:cooked_mutton":17,"minecraft:water_bucket":1,"minecraft:stone_pickaxe":108,"minecraft:oak_planks":74,"minecraft:wooden_pickaxe":7,"minecraft:white_wool":1,"minecraft:crafting_table":12,"minecraft:white_bed":7,"minecraft:iron_pickaxe":297,"minecraft:gravel":1,"minecraft:stone_axe":55,"minecraft:pink_bed":1,"minecraft:cobblestone":35,"minecraft:cooked_porkchop":12,"minecraft:bucket":9},"minecraft:custom":{"minecraft:mob_kills":76,"minecraft:interact_with_crafting_table":27,"minecraft:leave_game":4,"minecraft:time_since_death":8992,"minecraft:sprint_one_cm":384086,"minecraft:walk_one_cm":178808,"minecraft:damage_blocked_by_shield":2094,"minecraft:drop":24,"minecraft:play_time":105386,"minecraft:deaths":7,"minecraft:sneak_time":13280,"minecraft:walk_under_water_one_cm":8412,"minecraft:jump":3158,"minecraft:walk_on_water_one_cm":10178,"minecraft:total_world_time":105386,"minecraft:interact_with_furnace":55,"minecraft:sleep_in_bed":4,"minecraft:time_since_rest":9023,"minecraft:damage_taken":4628,"minecraft:damage_dealt":10971,"minecraft:swim_one_cm":16962,"minecraft:fly_one_cm":589526,"minecraft:open_chest":11,"minecraft:crouch_one_cm":24627,"minecraft:fall_one_cm":99974},"minecraft:broken":{"minecraft:iron_pickaxe":1},"minecraft:dropped":{"minecraft:wheat_seeds":1,"minecraft:oak_fence":3,"minecraft:cobblestone":8,"minecraft:leather":9,"minecraft:granite":1,"minecraft:rail":3,"minecraft:gray_wool":1,"minecraft:wooden_axe":1,"minecraft:string":5,"minecraft:white_wool":2,"minecraft:bone":2,"minecraft:stone_axe":1,"minecraft:stone_sword":2,"minecraft:cobbled_deepslate":5,"minecraft:pink_dye":3,"minecraft:rotten_flesh":5,"minecraft:light_gray_wool":1,"minecraft:oak_planks":3,"minecraft:arrow":7,"minecraft:wooden_pickaxe":1},"minecraft:killed_by":{"minecraft:creeper":1,"minecraft:skeleton":5},"minecraft:killed":{"minecraft:spider":5,"minecraft:skeleton":15,"minecraft:pig":6,"minecraft:zombie_villager":1,"minecraft:salmon":4,"minecraft:bat":1,"minecraft:sheep":19,"minecraft:zombie":14,"minecraft:cow":9},"minecraft:picked_up":{"minecraft:wooden_axe":4,"minecraft:crafting_table":13,"minecraft:wooden_pickaxe":1,"minecraft:shield":1,"minecraft:string":7,"minecraft:iron_axe":1,"minecraft:cobbled_deepslate":72,"minecraft:beef":14,"minecraft:light_gray_wool":1,"minecraft:furnace":9,"minecraft:egg":12,"minecraft:raw_iron":142,"minecraft:stick":92,"minecraft:oak_fence":6,"minecraft:torch":73,"minecraft:porkchop":31,"minecraft:diorite":4,"minecraft:stone_sword":7,"minecraft:arrow":15,"minecraft:rotten_flesh":22,"minecraft:peony":7,"minecraft:mutton":34,"minecraft:white_wool":14,"minecraft:rail":3,"minecraft:cobblestone":96,"minecraft:salmon":3,"minecraft:leather":34,"minecraft:oak_log":51,"minecraft:dirt":5,"minecraft:bone":5,"minecraft:wheat_seeds":2,"minecraft:raw_gold":10,"minecraft:stone_pickaxe":3,"minecraft:iron_ingot":13,"minecraft:oak_planks":181,"minecraft:pink_bed":1,"minecraft:cooked_porkchop":8,"minecraft:gravel":1,"minecraft:white_bed":7,"minecraft:diamond":12,"minecraft:stone_axe":3,"minecraft:granite":1,"minecraft:gray_wool":2,"minecraft:oak_sapling":1,"minecraft:black_wool":4,"minecraft:coal":221,"minecraft:pink_dye":3},"minecraft:mined":{"minecraft:white_bed":6,"minecraft:pink_bed":1,"minecraft:deepslate_diamond_ore":12,"minecraft:granite":1,"minecraft:grass_block":3,"minecraft:furnace":7,"minecraft:iron_ore":53,"minecraft:cobbled_deepslate":1,"minecraft:peony":7,"minecraft:deepslate_iron_ore":80,"minecraft:rail":2,"minecraft:stone":81,"minecraft:white_wool":1,"minecraft:crafting_table":11,"minecraft:torch":2,"minecraft:short_grass":11,"minecraft:tall_grass":2,"minecraft:cobblestone":1,"minecraft:deepslate_coal_ore":3,"minecraft:deepslate_gold_ore":3,"minecraft:oak_planks":19,"minecraft:wall_torch":1,"minecraft:coal_ore":92,"minecraft:oak_log":51,"minecraft:cobweb":1,"minecraft:gold_ore":7,"minecraft:oak_leaves":7,"minecraft:deepslate":65}},"DataVersion":3953}