{"stats":{"minecraft:crafted":{"minecraft:oak_planks":216,"minecraft:pink_bed":1,"minecraft:furnace":2,"minecraft:pink_dye":6,"minecraft:cooked_mutton":20,"minecraft:iron_boots":1,"minecraft:iron_axe":1,"minecraft:stone_pickaxe":2,"minecraft:chest":3,"minecraft:raw_iron_block":8,"minecraft:cooked_beef":10,"minecraft:cooked_porkchop":13,"minecraft:crafting_table":4,"minecraft:wooden_pickaxe":2,"minecraft:iron_helmet":1,"minecraft:iron_sword":2,"minecraft:raw_gold_block":1,"minecraft:cooked_salmon":3,"minecraft:bucket":2,"minecraft:stone_axe":2,"minecraft:air":0,"minecraft:oak_boat":2,"minecraft:iron_chestplate":1,"minecraft:pink_wool":3,"minecraft:shield":2,"minecraft:raw_gold":9,"minecraft:stick":72,"minecraft:iron_ingot":50,"minecraft:iron_pickaxe":2,"minecraft:wooden_axe":1,"minecraft:stone_sword":1,"minecraft:iron_leggings":1,"minecraft:white_bed":1,"minecraft:torch":184},"minecraft:used":{"minecraft:peony":4,"minecraft:stone_sword":119,"minecraft:chest":3,"minecraft:shield":35,"minecraft:iron_sword":115,"minecraft:cooked_salmon":3,"minecraft:torch":176,"minecraft:dirt":3,"minecraft:mutton":1,"minecraft:wooden_axe":9,"minecraft:lava_bucket":6,"minecraft:iron_axe":44,"minecraft:iron_helmet":1,"minecraft:iron_boots":1,"minecraft:furnace":9,"minecraft:cooked_beef":5,"minecraft:cobbled_deepslate":53,"minecraft:iron_leggings":1,"minecraft:cooked_mutton":19,"minecraft:water_bucket":1,"minecraft:oak_planks":80,"minecraft:stone_pickaxe":108,"minecraft:wooden_pickaxe":7,"minecraft:white_wool":1,"minecraft:crafting_table":14,"minecraft:white_bed":7,"minecraft:iron_pickaxe":303,"minecraft:gravel":1,"minecraft:stone_axe":55,"minecraft:pink_bed":2,"minecraft:cobblestone":35,"minecraft:cooked_porkchop":14,"minecraft:bucket":9,"minecraft:oak_boat":2},"minecraft:custom":{"minecraft:mob_kills":84,"minecraft:interact_with_crafting_table":34,"minecraft:leave_game":6,"minecraft:time_since_death":3345,"minecraft:climb_one_cm":920,"minecraft:sprint_one_cm":440582,"minecraft:walk_one_cm":196753,"minecraft:damage_blocked_by_shield":2094,"minecraft:drop":27,"minecraft:talked_to_villager":5,"minecraft:play_time":129315,"minecraft:deaths":9,"minecraft:sneak_time":13969,"minecraft:walk_under_water_one_cm":9368,"minecraft:boat_one_cm":299782,"minecraft:jump":3746,"minecraft:walk_on_water_one_cm":11600,"minecraft:total_world_time":129315,"minecraft:interact_with_furnace":57,"minecraft:sleep_in_bed":7,"minecraft:time_since_rest":3370,"minecraft:damage_taken":5613,"minecraft:damage_dealt":12252,"minecraft:swim_one_cm":20623,"minecraft:fly_one_cm":736927,"minecraft:open_chest":26,"minecraft:crouch_one_cm":26196,"minecraft:fall_one_cm":118973},"minecraft:broken":{"minecraft:iron_pickaxe":1},"minecraft:dropped":{"minecraft:wheat_seeds":2,"minecraft:oak_fence":3,"minecraft:cobblestone":8,"minecraft:leather":9,"minecraft:granite":1,"minecraft:rail":3,"minecraft:gray_wool":1,"minecraft:wooden_axe":1,"minecraft:string":5,"minecraft:white_wool":2,"minecraft:bone":2,"minecraft:stone_axe":1,"minecraft:stone_sword":2,"minecraft:cobbled_deepslate":5,"minecraft:pink_dye":3,"minecraft:rotten_flesh":5,"minecraft:light_gray_wool":1,"minecraft:oak_planks":7,"minecraft:arrow":7,"minecraft:wooden_pickaxe":1},"minecraft:killed_by":{"minecraft:creeper":1,"minecraft:iron_golem":2,"minecraft:skeleton":5},"minecraft:killed":{"minecraft:spider":5,"minecraft:skeleton":16,"minecraft:pig":10,"minecraft:zombie_villager":1,"minecraft:salmon":4,"minecraft:bat":1,"minecraft:sheep":19,"minecraft:zombie":16,"minecraft:cow":9},"minecraft:picked_up":{"minecraft:wooden_axe":4,"minecraft:crafting_table":14,"minecraft:iron_chestplate":1,"minecraft:wooden_pickaxe":1,"minecraft:shield":2,"minecraft:music_disc_cat":1,"minecraft:string":10,"minecraft:iron_axe":2,"minecraft:flint_and_steel":1,"minecraft:iron_leggings":2,"minecraft:iron_shovel":1,"minecraft:cobbled_deepslate":159,"minecraft:beef":14,"minecraft:oak_boat":1,"minecraft:iron_pickaxe":2,"minecraft:light_gray_wool":1,"minecraft:furnace":11,"minecraft:iron_boots":2,"minecraft:egg":12,"minecraft:stick":95,"minecraft:raw_iron":166,"minecraft:oak_fence":6,"minecraft:torch":73,"minecraft:porkchop":42,"minecraft:diorite":4,"minecraft:redstone":9,"minecraft:stone_sword":7,"minecraft:arrow":31,"minecraft:rotten_flesh":30,"minecraft:peony":7,"minecraft:shears":1,"minecraft:glow_berries":34,"minecraft:obsidian":15,"minecraft:mutton":34,"minecraft:rail":3,"minecraft:white_wool":14,"minecraft:cobblestone":119,"minecraft:water_bucket":1,"minecraft:salmon":3,"minecraft:leather":34,"minecraft:tuff":3,"minecraft:oak_log":54,"minecraft:gunpowder":14,"minecraft:lapis_lazuli":17,"minecraft:dirt":21,"minecraft:name_tag":2,"minecraft:bone":5,"minecraft:acacia_planks":6,"minecraft:wheat_seeds":3,"minecraft:raw_gold":39,"minecraft:stone_pickaxe":3,"minecraft:iron_ingot":51,"minecraft:iron_sword":1,"minecraft:oak_planks":191,"minecraft:pink_bed":2,"minecraft:cooked_porkchop":8,"minecraft:gravel":1,"minecraft:lava_bucket":1,"minecraft:sand":22,"minecraft:white_bed":7,"minecraft:spider_eye":2,"minecraft:diamond":63,"minecraft:stone_axe":3,"minecraft:iron_helmet":2,"minecraft:granite":1,"minecraft:gray_wool":2,"minecraft:oak_sapling":1,"minecraft:black_wool":4,"minecraft:coal":264,"minecraft:pink_dye":3,"minecraft:diamond_pickaxe":1},"minecraft:mined":{"minecraft:white_bed":6,"minecraft:pink_bed":2,"minecraft:deepslate_diamond_ore":12,"minecraft:granite":1,"minecraft:grass_block":3,"minecraft:furnace":9,"minecraft:iron_ore":53,"minecraft:cobbled_deepslate":1,"minecraft:peony":7,"minecraft:deepslate_iron_ore":80,"minecraft:rail":2,"minecraft:stone":85,"minecraft:white_wool":1,"minecraft:crafting_table":12,"minecraft:torch":2,"minecraft:short_grass":12,"minecraft:tall_grass":2,"minecraft:cobblestone":1,"minecraft:deepslate_coal_ore":3,"minecraft:deepslate_gold_ore":3,"minecraft:oak_planks":23,"minecraft:wall_torch":1,"minecraft:oak_log":54,"minecraft:coal_ore":92,"minecraft:sand":1,"minecraft:cobweb":1,"minecraft:gold_ore":7,"minecraft:oak_leaves":7,"minecraft:deepslate":65}},"DataVersion":3953}