{"stats":{"minecraft:crafted":{"minecraft:cooked_beef":5,"minecraft:oak_planks":84,"minecraft:cooked_porkchop":9,"minecraft:crafting_table":2,"minecraft:wooden_pickaxe":2,"minecraft:furnace":1,"minecraft:bucket":2,"minecraft:stone_axe":2,"minecraft:cooked_mutton":8,"minecraft:air":0,"minecraft:iron_boots":1,"minecraft:iron_chestplate":1,"minecraft:shield":2,"minecraft:stick":36,"minecraft:iron_ingot":29,"minecraft:iron_pickaxe":1,"minecraft:stone_pickaxe":2,"minecraft:wooden_axe":1,"minecraft:stone_sword":1,"minecraft:white_bed":1,"minecraft:iron_leggings":1,"minecraft:torch":60},"minecraft:used":{"minecraft:cooked_mutton":9,"minecraft:water_bucket":1,"minecraft:stone_sword":114,"minecraft:stone_pickaxe":106,"minecraft:oak_planks":18,"minecraft:wooden_pickaxe":7,"minecraft:shield":11,"minecraft:torch":57,"minecraft:dirt":3,"minecraft:crafting_table":8,"minecraft:white_bed":5,"minecraft:wooden_axe":9,"minecraft:lava_bucket":6,"minecraft:iron_pickaxe":82,"minecraft:stone_axe":37,"minecraft:cobblestone":3,"minecraft:furnace":5,"minecraft:cooked_porkchop":10,"minecraft:bucket":9,"minecraft:cobbled_deepslate":18},"minecraft:custom":{"minecraft:interact_with_furnace":31,"minecraft:mob_kills":51,"minecraft:interact_with_crafting_table":15,"minecraft:leave_game":3,"minecraft:time_since_death":21344,"minecraft:sleep_in_bed":4,"minecraft:time_since_rest":6981,"minecraft:sprint_one_cm":188421,"minecraft:damage_taken":3078,"minecraft:walk_one_cm":73577,"minecraft:damage_blocked_by_shield":686,"minecraft:drop":14,"minecraft:damage_dealt":6024,"minecraft:swim_one_cm":14863,"minecraft:fly_one_cm":351089,"minecraft:open_chest":1,"minecraft:crouch_one_cm":10647,"minecraft:play_time":53229,"minecraft:deaths":6,"minecraft:sneak_time":5751,"minecraft:walk_under_water_one_cm":6689,"minecraft:jump":1777,"minecraft:walk_on_water_one_cm":4682,"minecraft:total_world_time":53229,"minecraft:fall_one_cm":61548},"minecraft:dropped":{"minecraft:wheat_seeds":1,"minecraft:cobbled_deepslate":3,"minecraft:oak_fence":3,"minecraft:rotten_flesh":5,"minecraft:cobblestone":8,"minecraft:light_gray_wool":1,"minecraft:leather":8,"minecraft:granite":1,"minecraft:gray_wool":1,"minecraft:wooden_axe":1,"minecraft:arrow":7,"minecraft:wooden_pickaxe":1,"minecraft:white_wool":2,"minecraft:bone":1},"minecraft:killed_by":{"minecraft:skeleton":5,"minecraft:creeper":1},"minecraft:killed":{"minecraft:pig":5,"minecraft:salmon":4,"minecraft:spider":3,"minecraft:skeleton":6,"minecraft:sheep":16,"minecraft:zombie":6,"minecraft:cow":9},"minecraft:picked_up":{"minecraft:wooden_axe":4,"minecraft:crafting_table":10,"minecraft:salmon":3,"minecraft:leather":34,"minecraft:wooden_pickaxe":1,"minecraft:oak_log":21,"minecraft:shield":1,"minecraft:dirt":5,"minecraft:string":4,"minecraft:bone":2,"minecraft:wheat_seeds":1,"minecraft:cobbled_deepslate":27,"minecraft:raw_gold":6,"minecraft:iron_ingot":13,"minecraft:beef":14,"minecraft:stone_pickaxe":3,"minecraft:light_gray_wool":1,"minecraft:oak_planks":162,"minecraft:egg":12,"minecraft:furnace":7,"minecraft:stick":92,"minecraft:raw_iron":60,"minecraft:cooked_porkchop":8,"minecraft:oak_fence":6,"minecraft:torch":73,"minecraft:porkchop":29,"minecraft:diorite":4,"minecraft:white_bed":6,"minecraft:stone_sword":6,"minecraft:arrow":12,"minecraft:rotten_flesh":19,"minecraft:diamond":1,"minecraft:stone_axe":3,"minecraft:granite":1,"minecraft:gray_wool":1,"minecraft:black_wool":2,"minecraft:mutton":29,"minecraft:coal":161,"minecraft:white_wool":12,"minecraft:cobblestone":65},"minecraft:mined":{"minecraft:white_bed":5,"minecraft:deepslate_diamond_ore":1,"minecraft:crafting_table":8,"minecraft:torch":2,"minecraft:granite":1,"minecraft:short_grass":8,"minecraft:grass_block":3,"minecraft:tall_grass":2,"minecraft:wall_torch":1,"minecraft:furnace":5,"minecraft:iron_ore":28,"minecraft:cobbled_deepslate":1,"minecraft:oak_log":21,"minecraft:coal_ore":57,"minecraft:deepslate_iron_ore":23,"minecraft:stone":50,"minecraft:gold_ore":6,"minecraft:oak_leaves":1,"minecraft:deepslate":20}},"DataVersion":3953}