{"stats":{"minecraft:crafted":{"minecraft:stone_sword":1,"minecraft:oak_planks":84,"minecraft:torch":12,"minecraft:stone_axe":1,"minecraft:crafting_table":1,"minecraft:stick":36,"minecraft:stone_pickaxe":1,"minecraft:wooden_pickaxe":1,"minecraft:wooden_axe":1},"minecraft:used":{"minecraft:torch":1,"minecraft:stone_axe":18,"minecraft:wooden_axe":1,"minecraft:dirt":1,"minecraft:crafting_table":2,"minecraft:stone_pickaxe":31,"minecraft:wooden_pickaxe":4},"minecraft:custom":{"minecraft:time_since_rest":4934,"minecraft:play_time":4934,"minecraft:crouch_one_cm":1456,"minecraft:sprint_one_cm":15733,"minecraft:damage_taken":55,"minecraft:walk_one_cm":7544,"minecraft:sneak_time":960,"minecraft:jump":86,"minecraft:time_since_death":4934,"minecraft:total_world_time":4934,"minecraft:interact_with_crafting_table":4,"minecraft:fall_one_cm":2547,"minecraft:fly_one_cm":16348},"minecraft:picked_up":{"minecraft:crafting_table":2,"minecraft:torch":1,"minecraft:oak_log":21,"minecraft:coal":22,"minecraft:dirt":1,"minecraft:cobblestone":13},"minecraft:mined":{"minecraft:coal_ore":22,"minecraft:grass_block":1,"minecraft:oak_log":21,"minecraft:stone":13,"minecraft:oak_leaves":1,"minecraft:torch":1,"minecraft:crafting_table":2}},"DataVersion":3953}