{"stats":{"minecraft:crafted":{"minecraft:cooked_beef":5,"minecraft:oak_planks":84,"minecraft:cooked_porkchop":9,"minecraft:crafting_table":2,"minecraft:wooden_pickaxe":2,"minecraft:furnace":1,"minecraft:stone_axe":1,"minecraft:cooked_mutton":8,"minecraft:air":0,"minecraft:shield":2,"minecraft:stick":36,"minecraft:iron_ingot":2,"minecraft:stone_pickaxe":2,"minecraft:wooden_axe":1,"minecraft:stone_sword":1,"minecraft:white_bed":1,"minecraft:torch":36},"minecraft:used":{"minecraft:cooked_mutton":9,"minecraft:stone_sword":44,"minecraft:stone_pickaxe":76,"minecraft:oak_planks":13,"minecraft:wooden_pickaxe":7,"minecraft:torch":18,"minecraft:dirt":3,"minecraft:crafting_table":6,"minecraft:white_bed":3,"minecraft:wooden_axe":5,"minecraft:stone_axe":35,"minecraft:furnace":3,"minecraft:cooked_porkchop":1},"minecraft:custom":{"minecraft:interact_with_furnace":17,"minecraft:mob_kills":26,"minecraft:interact_with_crafting_table":9,"minecraft:leave_game":2,"minecraft:time_since_death":2096,"minecraft:sleep_in_bed":1,"minecraft:time_since_rest":2140,"minecraft:sprint_one_cm":92275,"minecraft:damage_taken":2032,"minecraft:walk_one_cm":41928,"minecraft:damage_dealt":3007,"minecraft:swim_one_cm":6452,"minecraft:fly_one_cm":200092,"minecraft:crouch_one_cm":5809,"minecraft:play_time":29205,"minecraft:deaths":5,"minecraft:sneak_time":2886,"minecraft:walk_under_water_one_cm":513,"minecraft:jump":949,"minecraft:walk_on_water_one_cm":2424,"minecraft:total_world_time":29205,"minecraft:fall_one_cm":37953},"minecraft:killed_by":{"minecraft:skeleton":4,"minecraft:creeper":1},"minecraft:killed":{"minecraft:pig":3,"minecraft:spider":2,"minecraft:skeleton":2,"minecraft:sheep":10,"minecraft:zombie":3,"minecraft:cow":5},"minecraft:picked_up":{"minecraft:wooden_axe":3,"minecraft:crafting_table":7,"minecraft:leather":25,"minecraft:oak_log":21,"minecraft:dirt":5,"minecraft:string":1,"minecraft:bone":1,"minecraft:beef":9,"minecraft:iron_ingot":11,"minecraft:stone_pickaxe":2,"minecraft:oak_planks":146,"minecraft:egg":10,"minecraft:furnace":5,"minecraft:stick":78,"minecraft:raw_iron":18,"minecraft:torch":66,"minecraft:porkchop":27,"minecraft:diorite":4,"minecraft:white_bed":3,"minecraft:stone_sword":5,"minecraft:arrow":5,"minecraft:rotten_flesh":14,"minecraft:stone_axe":3,"minecraft:mutton":21,"minecraft:coal":122,"minecraft:white_wool":10,"minecraft:cobblestone":45},"minecraft:mined":{"minecraft:white_bed":2,"minecraft:crafting_table":6,"minecraft:torch":2,"minecraft:short_grass":5,"minecraft:grass_block":3,"minecraft:furnace":3,"minecraft:iron_ore":9,"minecraft:coal_ore":37,"minecraft:oak_log":21,"minecraft:stone":32,"minecraft:oak_leaves":1}},"DataVersion":3953}