{"stats":{"minecraft:crafted":{"minecraft:oak_planks":216,"minecraft:pink_bed":1,"minecraft:furnace":3,"minecraft:pink_dye":6,"minecraft:cooked_mutton":20,"minecraft:iron_boots":1,"minecraft:iron_axe":1,"minecraft:stone_pickaxe":2,"minecraft:chest":3,"minecraft:raw_iron_block":8,"minecraft:cooked_beef":10,"minecraft:cooked_porkchop":22,"minecraft:crafting_table":4,"minecraft:wooden_pickaxe":2,"minecraft:iron_helmet":1,"minecraft:iron_sword":2,"minecraft:raw_gold_block":1,"minecraft:cooked_salmon":3,"minecraft:bucket":2,"minecraft:stone_axe":2,"minecraft:air":0,"minecraft:oak_boat":2,"minecraft:iron_chestplate":2,"minecraft:pink_wool":3,"minecraft:shield":2,"minecraft:raw_gold":9,"minecraft:stick":72,"minecraft:iron_ingot":56,"minecraft:iron_pickaxe":2,"minecraft:wooden_axe":1,"minecraft:stone_sword":1,"minecraft:iron_shovel":1,"minecraft:iron_leggings":1,"minecraft:white_bed":1,"minecraft:torch":184},"minecraft:used":{"minecraft:peony":4,"minecraft:stone_sword":119,"minecraft:iron_shovel":31,"minecraft:chest":3,"minecraft:shield":43,"minecraft:iron_sword":155,"minecraft:cooked_salmon":3,"minecraft:torch":176,"minecraft:dirt":15,"minecraft:mutton":1,"minecraft:wooden_axe":9,"minecraft:lava_bucket":7,"minecraft:iron_axe":46,"minecraft:iron_helmet":2,"minecraft:iron_boots":1,"minecraft:furnace":11,"minecraft:cooked_beef":5,"minecraft:cobbled_deepslate":53,"minecraft:iron_leggings":1,"minecraft:cooked_mutton":21,"minecraft:water_bucket":4,"minecraft:oak_planks":80,"minecraft:stone_pickaxe":108,"minecraft:wooden_pickaxe":7,"minecraft:white_wool":1,"minecraft:crafting_table":14,"minecraft:white_bed":7,"minecraft:iron_pickaxe":303,"minecraft:gravel":1,"minecraft:stone_axe":55,"minecraft:pink_bed":2,"minecraft:cobblestone":35,"minecraft:cooked_porkchop":18,"minecraft:bucket":13,"minecraft:oak_boat":2},"minecraft:custom":{"minecraft:mob_kills":94,"minecraft:interact_with_crafting_table":37,"minecraft:leave_game":7,"minecraft:time_since_death":5013,"minecraft:climb_one_cm":1545,"minecraft:sprint_one_cm":477365,"minecraft:walk_one_cm":212611,"minecraft:damage_blocked_by_shield":2514,"minecraft:drop":30,"minecraft:talked_to_villager":5,"minecraft:play_time":138839,"minecraft:deaths":11,"minecraft:sneak_time":14420,"minecraft:walk_under_water_one_cm":10151,"minecraft:boat_one_cm":299782,"minecraft:jump":4176,"minecraft:walk_on_water_one_cm":12253,"minecraft:total_world_time":138839,"minecraft:interact_with_furnace":63,"minecraft:sleep_in_bed":7,"minecraft:time_since_rest":5039,"minecraft:damage_taken":6601,"minecraft:damage_dealt":14142,"minecraft:swim_one_cm":24293,"minecraft:fly_one_cm":850341,"minecraft:open_chest":30,"minecraft:crouch_one_cm":27694,"minecraft:fall_one_cm":127862},"minecraft:broken":{"minecraft:iron_pickaxe":1},"minecraft:dropped":{"minecraft:wheat_seeds":2,"minecraft:oak_fence":3,"minecraft:cobblestone":8,"minecraft:leather":9,"minecraft:granite":1,"minecraft:rail":3,"minecraft:lava_bucket":1,"minecraft:dirt":1,"minecraft:gray_wool":1,"minecraft:wooden_axe":1,"minecraft:string":5,"minecraft:white_wool":2,"minecraft:bone":2,"minecraft:stone_axe":1,"minecraft:stone_sword":2,"minecraft:cobbled_deepslate":5,"minecraft:pink_dye":3,"minecraft:rotten_flesh":5,"minecraft:light_gray_wool":1,"minecraft:oak_planks":7,"minecraft:arrow":8,"minecraft:wooden_pickaxe":1},"minecraft:killed_by":{"minecraft:creeper":1,"minecraft:iron_golem":2,"minecraft:skeleton":6,"minecraft:zombie":1},"minecraft:killed":{"minecraft:spider":9,"minecraft:skeleton":17,"minecraft:pig":10,"minecraft:zombie_villager":1,"minecraft:salmon":4,"minecraft:bat":1,"minecraft:sheep":19,"minecraft:zombie":21,"minecraft:cow":9},"minecraft:picked_up":{"minecraft:wooden_axe":4,"minecraft:crafting_table":14,"minecraft:iron_chestplate":2,"minecraft:wooden_pickaxe":1,"minecraft:shield":4,"minecraft:music_disc_cat":1,"minecraft:string":12,"minecraft:iron_axe":4,"minecraft:flint_and_steel":1,"minecraft:iron_leggings":4,"minecraft:iron_shovel":2,"minecraft:cobbled_deepslate":159,"minecraft:beef":14,"minecraft:oak_boat":1,"minecraft:iron_pickaxe":4,"minecraft:light_gray_wool":1,"minecraft:enchanted_golden_apple":2,"minecraft:furnace":13,"minecraft:iron_boots":4,"minecraft:egg":12,"minecraft:stick":99,"minecraft:raw_iron":167,"minecraft:oak_fence":6,"minecraft:torch":88,"minecraft:porkchop":53,"minecraft:diorite":4,"minecraft:redstone":9,"minecraft:stone_sword":7,"minecraft:arrow":32,"minecraft:rotten_flesh":34,"minecraft:peony":7,"minecraft:shears":1,"minecraft:armadillo_scute":2,"minecraft:glow_berries":34,"minecraft:obsidian":15,"minecraft:mutton":34,"minecraft:rail":3,"minecraft:white_wool":14,"minecraft:cobblestone":119,"minecraft:water_bucket":3,"minecraft:salmon":3,"minecraft:leather":34,"minecraft:tuff":3,"minecraft:oak_log":54,"minecraft:gunpowder":14,"minecraft:lapis_lazuli":17,"minecraft:dirt":34,"minecraft:name_tag":6,"minecraft:cooked_mutton":2,"minecraft:bone":5,"minecraft:acacia_planks":6,"minecraft:wheat_seeds":3,"minecraft:raw_gold":49,"minecraft:stone_pickaxe":3,"minecraft:iron_ingot":60,"minecraft:iron_sword":4,"minecraft:oak_planks":191,"minecraft:pink_bed":4,"minecraft:cooked_porkchop":8,"minecraft:raw_iron_block":16,"minecraft:gravel":1,"minecraft:lava_bucket":4,"minecraft:sand":22,"minecraft:white_bed":7,"minecraft:spider_eye":2,"minecraft:diamond":87,"minecraft:stone_axe":3,"minecraft:iron_helmet":4,"minecraft:granite":1,"minecraft:golden_apple":4,"minecraft:gray_wool":2,"minecraft:oak_sapling":1,"minecraft:black_wool":4,"minecraft:coal":264,"minecraft:pink_dye":3,"minecraft:diamond_pickaxe":1},"minecraft:mined":{"minecraft:white_bed":6,"minecraft:pink_bed":2,"minecraft:deepslate_diamond_ore":12,"minecraft:granite":1,"minecraft:grass_block":16,"minecraft:furnace":9,"minecraft:iron_ore":53,"minecraft:cobbled_deepslate":1,"minecraft:peony":7,"minecraft:deepslate_iron_ore":80,"minecraft:rail":2,"minecraft:stone":85,"minecraft:white_wool":1,"minecraft:crafting_table":12,"minecraft:torch":2,"minecraft:short_grass":29,"minecraft:tall_grass":2,"minecraft:cobblestone":1,"minecraft:deepslate_coal_ore":3,"minecraft:deepslate_gold_ore":3,"minecraft:oak_planks":23,"minecraft:wall_torch":1,"minecraft:wheat":1,"minecraft:oak_log":54,"minecraft:coal_ore":92,"minecraft:dirt":12,"minecraft:sand":1,"minecraft:cobweb":1,"minecraft:gold_ore":7,"minecraft:oak_leaves":7,"minecraft:deepslate":65}},"DataVersion":3953}