{"stats":{"minecraft:crafted":{"minecraft:cooked_beef":5,"minecraft:oak_planks":84,"minecraft:cooked_porkchop":9,"minecraft:crafting_table":2,"minecraft:wooden_pickaxe":2,"minecraft:furnace":1,"minecraft:stone_axe":2,"minecraft:cooked_mutton":8,"minecraft:air":0,"minecraft:iron_chestplate":1,"minecraft:shield":2,"minecraft:stick":36,"minecraft:iron_ingot":24,"minecraft:iron_pickaxe":1,"minecraft:stone_pickaxe":2,"minecraft:wooden_axe":1,"minecraft:stone_sword":1,"minecraft:white_bed":1,"minecraft:iron_leggings":1,"minecraft:torch":60},"minecraft:used":{"minecraft:cooked_mutton":9,"minecraft:stone_sword":78,"minecraft:stone_pickaxe":104,"minecraft:oak_planks":18,"minecraft:wooden_pickaxe":7,"minecraft:shield":10,"minecraft:torch":44,"minecraft:dirt":3,"minecraft:crafting_table":7,"minecraft:white_bed":3,"minecraft:wooden_axe":9,"minecraft:iron_pickaxe":31,"minecraft:stone_axe":36,"minecraft:cobblestone":3,"minecraft:furnace":5,"minecraft:cooked_porkchop":7,"minecraft:cobbled_deepslate":11},"minecraft:custom":{"minecraft:interact_with_furnace":30,"minecraft:mob_kills":34,"minecraft:interact_with_crafting_table":13,"minecraft:leave_game":3,"minecraft:time_since_death":9344,"minecraft:sleep_in_bed":1,"minecraft:time_since_rest":9370,"minecraft:sprint_one_cm":147294,"minecraft:damage_taken":2932,"minecraft:walk_one_cm":63638,"minecraft:damage_blocked_by_shield":510,"minecraft:damage_dealt":4704,"minecraft:swim_one_cm":6452,"minecraft:fly_one_cm":245463,"minecraft:open_chest":1,"minecraft:crouch_one_cm":8533,"minecraft:play_time":41229,"minecraft:deaths":6,"minecraft:sneak_time":4347,"minecraft:walk_under_water_one_cm":513,"minecraft:jump":1293,"minecraft:walk_on_water_one_cm":2873,"minecraft:total_world_time":41229,"minecraft:fall_one_cm":48026},"minecraft:killed_by":{"minecraft:skeleton":5,"minecraft:creeper":1},"minecraft:killed":{"minecraft:pig":3,"minecraft:spider":3,"minecraft:skeleton":5,"minecraft:sheep":10,"minecraft:zombie":6,"minecraft:cow":5},"minecraft:picked_up":{"minecraft:wooden_axe":4,"minecraft:crafting_table":9,"minecraft:leather":30,"minecraft:wooden_pickaxe":1,"minecraft:oak_log":21,"minecraft:shield":1,"minecraft:dirt":5,"minecraft:string":4,"minecraft:bone":2,"minecraft:cobbled_deepslate":18,"minecraft:raw_gold":6,"minecraft:iron_ingot":13,"minecraft:beef":9,"minecraft:stone_pickaxe":3,"minecraft:oak_planks":162,"minecraft:egg":12,"minecraft:furnace":6,"minecraft:stick":92,"minecraft:raw_iron":47,"minecraft:cooked_porkchop":7,"minecraft:oak_fence":6,"minecraft:torch":72,"minecraft:porkchop":27,"minecraft:diorite":4,"minecraft:white_bed":3,"minecraft:stone_sword":6,"minecraft:arrow":10,"minecraft:rotten_flesh":19,"minecraft:diamond":1,"minecraft:stone_axe":3,"minecraft:granite":1,"minecraft:mutton":23,"minecraft:coal":141,"minecraft:white_wool":10,"minecraft:cobblestone":55},"minecraft:mined":{"minecraft:white_bed":2,"minecraft:deepslate_diamond_ore":1,"minecraft:crafting_table":7,"minecraft:torch":2,"minecraft:granite":1,"minecraft:short_grass":5,"minecraft:grass_block":3,"minecraft:furnace":4,"minecraft:iron_ore":23,"minecraft:cobbled_deepslate":1,"minecraft:oak_log":21,"minecraft:coal_ore":37,"minecraft:deepslate_iron_ore":17,"minecraft:stone":40,"minecraft:gold_ore":6,"minecraft:oak_leaves":1,"minecraft:deepslate":10}},"DataVersion":3953}