{"stats":{"minecraft:crafted":{"minecraft:cooked_beef":5,"minecraft:oak_planks":84,"minecraft:crafting_table":2,"minecraft:stick":36,"minecraft:wooden_pickaxe":1,"minecraft:stone_pickaxe":1,"minecraft:wooden_axe":1,"minecraft:stone_sword":1,"minecraft:furnace":1,"minecraft:white_bed":1,"minecraft:torch":12,"minecraft:stone_axe":1,"minecraft:air":0,"minecraft:cooked_mutton":8},"minecraft:used":{"minecraft:cooked_mutton":7,"minecraft:wooden_axe":1,"minecraft:stone_sword":27,"minecraft:stone_pickaxe":41,"minecraft:oak_planks":2,"minecraft:wooden_pickaxe":4,"minecraft:stone_axe":27,"minecraft:torch":1,"minecraft:dirt":1,"minecraft:crafting_table":4,"minecraft:furnace":1,"minecraft:white_bed":1},"minecraft:custom":{"minecraft:time_since_rest":57,"minecraft:interact_with_furnace":9,"minecraft:sprint_one_cm":66236,"minecraft:damage_taken":345,"minecraft:walk_one_cm":18598,"minecraft:mob_kills":18,"minecraft:damage_dealt":1590,"minecraft:swim_one_cm":5422,"minecraft:interact_with_crafting_table":6,"minecraft:fly_one_cm":163580,"minecraft:crouch_one_cm":2366,"minecraft:play_time":18688,"minecraft:sneak_time":1414,"minecraft:walk_under_water_one_cm":201,"minecraft:jump":661,"minecraft:leave_game":2,"minecraft:walk_on_water_one_cm":376,"minecraft:time_since_death":18688,"minecraft:sleep_in_bed":1,"minecraft:total_world_time":18688,"minecraft:fall_one_cm":25803},"minecraft:killed":{"minecraft:sheep":10,"minecraft:pig":3,"minecraft:cow":5},"minecraft:picked_up":{"minecraft:crafting_table":2,"minecraft:leather":5,"minecraft:torch":1,"minecraft:porkchop":9,"minecraft:oak_log":21,"minecraft:dirt":3,"minecraft:beef":9,"minecraft:mutton":13,"minecraft:coal":32,"minecraft:furnace":1,"minecraft:white_wool":10,"minecraft:cobblestone":19,"minecraft:egg":2},"minecraft:mined":{"minecraft:furnace":1,"minecraft:torch":1,"minecraft:crafting_table":3,"minecraft:short_grass":5,"minecraft:coal_ore":24,"minecraft:oak_log":21,"minecraft:grass_block":3,"minecraft:stone":19,"minecraft:oak_leaves":1}},"DataVersion":3953}