{"stats":{"minecraft:crafted":{"minecraft:oak_boat":1,"minecraft:oak_planks":32,"minecraft:stone_shovel":1,"minecraft:cooked_porkchop":25,"minecraft:crafting_table":1,"minecraft:stick":8,"minecraft:wooden_pickaxe":1,"minecraft:stone_pickaxe":1,"minecraft:furnace":1,"minecraft:white_bed":1,"minecraft:stone_axe":2,"minecraft:air":0,"minecraft:smoker":1},"minecraft:used":{"minecraft:stone_shovel":35,"minecraft:stone_pickaxe":72,"minecraft:wooden_pickaxe":12,"minecraft:golden_helmet":1,"minecraft:stone_axe":113,"minecraft:crafting_table":7,"minecraft:cooked_porkchop":7,"minecraft:oak_boat":1,"minecraft:white_bed":1,"minecraft:egg":1,"minecraft:smoker":2},"minecraft:custom":{"minecraft:time_since_rest":12982,"minecraft:sprint_one_cm":76691,"minecraft:damage_taken":580,"minecraft:walk_one_cm":40222,"minecraft:mob_kills":37,"minecraft:drop":5,"minecraft:damage_dealt":4464,"minecraft:swim_one_cm":59438,"minecraft:interact_with_crafting_table":9,"minecraft:fly_one_cm":96471,"minecraft:open_chest":9,"minecraft:crouch_one_cm":562,"minecraft:play_time":28372,"minecraft:sneak_time":1319,"minecraft:walk_under_water_one_cm":33525,"minecraft:boat_one_cm":22368,"minecraft:jump":443,"minecraft:leave_game":1,"minecraft:walk_on_water_one_cm":8935,"minecraft:time_since_death":28372,"minecraft:sleep_in_bed":1,"minecraft:interact_with_smoker":4,"minecraft:total_world_time":28372,"minecraft:fall_one_cm":10399},"minecraft:broken":{"minecraft:stone_axe":1},"minecraft:dropped":{"minecraft:filled_map":1,"minecraft:oak_sapling":3,"minecraft:wooden_pickaxe":1},"minecraft:killed":{"minecraft:sheep":9,"minecraft:zombie":1,"minecraft:pig":11,"minecraft:spider":1,"minecraft:drowned":12,"minecraft:cow":3},"minecraft:picked_up":{"minecraft:nautilus_shell":1,"minecraft:stick":2,"minecraft:crafting_table":7,"minecraft:leather":4,"minecraft:smoker":2,"minecraft:sand":25,"minecraft:flint":1,"minecraft:porkchop":25,"minecraft:oak_log":53,"minecraft:white_bed":1,"minecraft:rotten_flesh":13,"minecraft:beef":5,"minecraft:oak_boat":1,"minecraft:oak_sapling":3,"minecraft:coal":6,"minecraft:mutton":16,"minecraft:white_wool":9,"minecraft:cobblestone":64,"minecraft:egg":1},"minecraft:mined":{"minecraft:tall_seagrass":1,"minecraft:white_bed":1,"minecraft:smoker":2,"minecraft:crafting_table":7,"minecraft:short_grass":3,"minecraft:coal_ore":4,"minecraft:oak_log":53,"minecraft:sand":35,"minecraft:gravel":1,"minecraft:tall_grass":1,"minecraft:stone":65,"minecraft:oak_leaves":2}},"DataVersion":3953}