{"stats":{"minecraft:crafted":{"minecraft:oak_planks":32,"minecraft:stone_axe":1,"minecraft:crafting_table":1,"minecraft:stick":8,"minecraft:wooden_pickaxe":1,"minecraft:stone_pickaxe":1},"minecraft:used":{"minecraft:stone_axe":43,"minecraft:crafting_table":2,"minecraft:stone_pickaxe":60,"minecraft:egg":1,"minecraft:wooden_pickaxe":12},"minecraft:custom":{"minecraft:time_since_rest":8890,"minecraft:crouch_one_cm":165,"minecraft:play_time":8890,"minecraft:sprint_one_cm":23034,"minecraft:damage_taken":100,"minecraft:walk_one_cm":18688,"minecraft:sneak_time":52,"minecraft:walk_under_water_one_cm":88,"minecraft:mob_kills":1,"minecraft:jump":110,"minecraft:leave_game":1,"minecraft:damage_dealt":160,"minecraft:walk_on_water_one_cm":202,"minecraft:time_since_death":8890,"minecraft:total_world_time":8890,"minecraft:swim_one_cm":1442,"minecraft:fall_one_cm":1737,"minecraft:interact_with_crafting_table":4,"minecraft:fly_one_cm":22629},"minecraft:killed":{"minecraft:spider":1},"minecraft:picked_up":{"minecraft:stick":2,"minecraft:crafting_table":2,"minecraft:oak_log":47,"minecraft:oak_sapling":3,"minecraft:cobblestone":64,"minecraft:egg":1},"minecraft:mined":{"minecraft:short_grass":2,"minecraft:oak_log":47,"minecraft:stone":64,"minecraft:oak_leaves":2,"minecraft:crafting_table":2}},"DataVersion":3953}