{"stats":{"minecraft:crafted":{"minecraft:cooked_beef":19,"minecraft:coal_block":16,"minecraft:oak_door":3,"minecraft:oak_planks":64,"minecraft:stone_shovel":2,"minecraft:cooked_porkchop":29,"minecraft:iron_nugget":36,"minecraft:crafting_table":7,"minecraft:wooden_pickaxe":1,"minecraft:furnace":1,"minecraft:stone_axe":2,"minecraft:cooked_mutton":38,"minecraft:air":0,"minecraft:oak_boat":1,"minecraft:gold_nugget":45,"minecraft:iron_hoe":3,"minecraft:stick":14,"minecraft:iron_ingot":10,"minecraft:stone_pickaxe":2,"minecraft:gold_ingot":8,"minecraft:white_bed":1,"minecraft:stone_hoe":1,"minecraft:shears":1,"minecraft:smoker":1},"minecraft:used":{"minecraft:cooked_mutton":8,"minecraft:stone_pickaxe":157,"minecraft:stone_shovel":177,"minecraft:wooden_pickaxe":12,"minecraft:iron_sword":121,"minecraft:cooked_salmon":10,"minecraft:stone_hoe":131,"minecraft:oak_door":3,"minecraft:dirt":2,"minecraft:crafting_table":18,"minecraft:white_bed":12,"minecraft:smoker":3,"minecraft:iron_hoe":750,"minecraft:golden_helmet":1,"minecraft:cobblestone":9,"minecraft:stone_axe":152,"minecraft:cooked_porkchop":14,"minecraft:cooked_beef":7,"minecraft:egg":2,"minecraft:oak_boat":4,"minecraft:golden_pickaxe":96},"minecraft:custom":{"minecraft:mob_kills":74,"minecraft:interact_with_crafting_table":29,"minecraft:leave_game":3,"minecraft:time_since_death":144462,"minecraft:sleep_in_bed":13,"minecraft:climb_one_cm":11953,"minecraft:time_since_rest":2133,"minecraft:sprint_one_cm":417384,"minecraft:damage_taken":2849,"minecraft:walk_one_cm":161393,"minecraft:drop":31,"minecraft:damage_dealt":9359,"minecraft:swim_one_cm":300388,"minecraft:fly_one_cm":700698,"minecraft:play_time":192767,"minecraft:open_chest":55,"minecraft:crouch_one_cm":12692,"minecraft:sneak_time":7394,"minecraft:deaths":2,"minecraft:walk_under_water_one_cm":87282,"minecraft:boat_one_cm":446973,"minecraft:jump":3244,"minecraft:walk_on_water_one_cm":30928,"minecraft:total_world_time":192767,"minecraft:interact_with_smoker":9,"minecraft:fall_one_cm":92504},"minecraft:broken":{"minecraft:stone_pickaxe":1,"minecraft:stone_axe":1,"minecraft:stone_shovel":1,"minecraft:stone_hoe":1,"minecraft:iron_hoe":3},"minecraft:dropped":{"minecraft:iron_sword":1,"minecraft:golden_helmet":2,"minecraft:iron_nugget":7,"minecraft:crafting_table":1,"minecraft:stone_shovel":1,"minecraft:prismarine_crystals":3,"minecraft:oak_planks":4,"minecraft:white_bed":1,"minecraft:filled_map":5,"minecraft:cooked_cod":4,"minecraft:cooked_salmon":2,"minecraft:oak_sapling":3,"minecraft:gold_nugget":7,"minecraft:sandstone":61,"minecraft:sand":64,"minecraft:stone_pickaxe":1,"minecraft:wooden_pickaxe":1,"minecraft:oak_door":1,"minecraft:egg":1},"minecraft:killed_by":{"minecraft:skeleton":1},"minecraft:killed":{"minecraft:pig":13,"minecraft:spider":4,"minecraft:creeper":1,"minecraft:sheep":21,"minecraft:skeleton":2,"minecraft:pillager":1,"minecraft:zombie":3,"minecraft:drowned":18,"minecraft:cow":10},"minecraft:picked_up":{"minecraft:nautilus_shell":3,"minecraft:cocoa_beans":39,"minecraft:crafting_table":14,"minecraft:wheat":68,"minecraft:leather":20,"minecraft:smoker":5,"minecraft:filled_map":2,"minecraft:enchanted_book":2,"minecraft:flint":3,"minecraft:oak_log":127,"minecraft:string":4,"minecraft:dirt":8,"minecraft:cooked_salmon":8,"minecraft:bone":2,"minecraft:gold_nugget":3,"minecraft:heart_of_the_sea":2,"minecraft:iron_ingot":6,"minecraft:beef":29,"minecraft:stone_pickaxe":2,"minecraft:oak_boat":5,"minecraft:jungle_sapling":17,"minecraft:bamboo":191,"minecraft:sugar_cane":64,"minecraft:iron_sword":3,"minecraft:oak_planks":24,"minecraft:egg":3,"minecraft:golden_helmet":4,"minecraft:stick":17,"minecraft:sandstone":183,"minecraft:oak_door":1,"minecraft:cooked_porkchop":36,"minecraft:porkchop":29,"minecraft:sand":465,"minecraft:white_bed":14,"minecraft:prismarine_crystals":6,"minecraft:tnt":4,"minecraft:stone_shovel":2,"minecraft:rotten_flesh":43,"minecraft:cooked_cod":8,"minecraft:diamond":4,"minecraft:stone_axe":2,"minecraft:shears":1,"minecraft:gold_ingot":2,"minecraft:oak_sapling":3,"minecraft:mutton":70,"minecraft:coal":254,"minecraft:white_wool":50,"minecraft:cobblestone":168},"minecraft:mined":{"minecraft:white_bed":12,"minecraft:oak_door":1,"minecraft:kelp_plant":1,"minecraft:smoker":3,"minecraft:jungle_leaves":854,"minecraft:crafting_table":12,"minecraft:short_grass":14,"minecraft:grass_block":5,"minecraft:tall_grass":2,"minecraft:sugar_cane":28,"minecraft:sandstone":62,"minecraft:tall_seagrass":1,"minecraft:suspicious_sand":1,"minecraft:dirt":25,"minecraft:cocoa":15,"minecraft:flowering_azalea_leaves":2,"minecraft:coal_ore":105,"minecraft:oak_log":53,"minecraft:vine":3,"minecraft:sand":187,"minecraft:gravel":1,"minecraft:bamboo":23,"minecraft:stone":81,"minecraft:fern":1,"minecraft:oak_leaves":27}},"DataVersion":3953}