{"stats":{"minecraft:crafted":{"minecraft:oak_planks":32,"minecraft:cooked_porkchop":6,"minecraft:crafting_table":1,"minecraft:stick":8,"minecraft:wooden_pickaxe":1,"minecraft:stone_pickaxe":1,"minecraft:furnace":1,"minecraft:white_bed":1,"minecraft:stone_axe":1,"minecraft:air":0,"minecraft:smoker":1},"minecraft:used":{"minecraft:stone_pickaxe":62,"minecraft:wooden_pickaxe":12,"minecraft:stone_axe":78,"minecraft:crafting_table":4,"minecraft:cooked_porkchop":2,"minecraft:white_bed":1,"minecraft:egg":1,"minecraft:smoker":1},"minecraft:custom":{"minecraft:time_since_rest":982,"minecraft:sprint_one_cm":67939,"minecraft:damage_taken":110,"minecraft:walk_one_cm":36172,"minecraft:mob_kills":25,"minecraft:drop":1,"minecraft:damage_dealt":2330,"minecraft:swim_one_cm":1442,"minecraft:interact_with_crafting_table":6,"minecraft:fly_one_cm":84478,"minecraft:crouch_one_cm":273,"minecraft:play_time":16372,"minecraft:sneak_time":92,"minecraft:walk_under_water_one_cm":88,"minecraft:jump":359,"minecraft:leave_game":1,"minecraft:walk_on_water_one_cm":634,"minecraft:time_since_death":16372,"minecraft:sleep_in_bed":1,"minecraft:interact_with_smoker":2,"minecraft:total_world_time":16372,"minecraft:fall_one_cm":9145},"minecraft:dropped":{"minecraft:wooden_pickaxe":1},"minecraft:killed":{"minecraft:sheep":9,"minecraft:zombie":1,"minecraft:pig":11,"minecraft:spider":1,"minecraft:cow":3},"minecraft:picked_up":{"minecraft:stick":2,"minecraft:crafting_table":3,"minecraft:leather":4,"minecraft:smoker":1,"minecraft:porkchop":25,"minecraft:oak_log":53,"minecraft:white_bed":1,"minecraft:beef":5,"minecraft:oak_sapling":3,"minecraft:coal":1,"minecraft:mutton":16,"minecraft:white_wool":9,"minecraft:cobblestone":64,"minecraft:egg":1},"minecraft:mined":{"minecraft:white_bed":1,"minecraft:smoker":1,"minecraft:crafting_table":3,"minecraft:short_grass":2,"minecraft:coal_ore":1,"minecraft:oak_log":53,"minecraft:tall_grass":1,"minecraft:stone":64,"minecraft:oak_leaves":2}},"DataVersion":3953}