{"stats":{"minecraft:crafted":{"minecraft:oak_door":3,"minecraft:oak_planks":180,"minecraft:stone_shovel":2,"minecraft:iron_nugget":36,"minecraft:furnace":1,"minecraft:cooked_mutton":38,"minecraft:iron_hoe":3,"minecraft:stone_pickaxe":2,"minecraft:chest":4,"minecraft:stone_hoe":1,"minecraft:smoker":1,"minecraft:cooked_beef":19,"minecraft:coal_block":16,"minecraft:cooked_porkchop":29,"minecraft:crafting_table":11,"minecraft:wooden_pickaxe":1,"minecraft:stone_axe":2,"minecraft:air":0,"minecraft:oak_boat":2,"minecraft:gold_nugget":45,"minecraft:stick":16,"minecraft:iron_ingot":10,"minecraft:iron_shovel":1,"minecraft:gold_ingot":8,"minecraft:white_bed":1,"minecraft:shears":1},"minecraft:used":{"minecraft:iron_shovel":28,"minecraft:stone_shovel":177,"minecraft:chest":4,"minecraft:iron_sword":128,"minecraft:cooked_salmon":10,"minecraft:stone_hoe":131,"minecraft:oak_door":3,"minecraft:dirt":4,"minecraft:iron_hoe":750,"minecraft:egg":2,"minecraft:cooked_beef":7,"minecraft:cooked_mutton":16,"minecraft:stone_pickaxe":157,"minecraft:wooden_pickaxe":12,"minecraft:sand":5,"minecraft:crafting_table":21,"minecraft:white_bed":15,"minecraft:smoker":4,"minecraft:golden_helmet":1,"minecraft:stone_axe":155,"minecraft:cobblestone":9,"minecraft:cooked_porkchop":14,"minecraft:oak_boat":5,"minecraft:golden_pickaxe":181},"minecraft:custom":{"minecraft:mob_kills":76,"minecraft:interact_with_crafting_table":34,"minecraft:leave_game":3,"minecraft:time_since_death":186462,"minecraft:climb_one_cm":11953,"minecraft:sprint_one_cm":520455,"minecraft:walk_one_cm":205504,"minecraft:drop":46,"minecraft:play_time":234767,"minecraft:deaths":2,"minecraft:sneak_time":8891,"minecraft:walk_under_water_one_cm":89687,"minecraft:boat_one_cm":589551,"minecraft:jump":4150,"minecraft:walk_on_water_one_cm":35172,"minecraft:total_world_time":234767,"minecraft:sleep_in_bed":16,"minecraft:time_since_rest":1138,"minecraft:damage_taken":2930,"minecraft:damage_dealt":9679,"minecraft:swim_one_cm":318147,"minecraft:fly_one_cm":906595,"minecraft:open_chest":77,"minecraft:crouch_one_cm":15663,"minecraft:interact_with_smoker":10,"minecraft:fall_one_cm":119178},"minecraft:broken":{"minecraft:stone_hoe":1,"minecraft:stone_pickaxe":1,"minecraft:stone_axe":1,"minecraft:stone_shovel":1,"minecraft:iron_hoe":3},"minecraft:dropped":{"minecraft:iron_sword":1,"minecraft:wheat_seeds":2,"minecraft:golden_helmet":2,"minecraft:crafting_table":2,"minecraft:prismarine_crystals":3,"minecraft:cooked_cod":4,"minecraft:cooked_salmon":2,"minecraft:gold_nugget":7,"minecraft:sand":284,"minecraft:dandelion":1,"minecraft:oak_door":1,"minecraft:iron_nugget":7,"minecraft:stone_shovel":1,"minecraft:oak_planks":96,"minecraft:azure_bluet":15,"minecraft:white_bed":1,"minecraft:shears":1,"minecraft:filled_map":6,"minecraft:oak_sapling":3,"minecraft:sandstone":61,"minecraft:wooden_pickaxe":1,"minecraft:stone_pickaxe":1,"minecraft:egg":1},"minecraft:killed_by":{"minecraft:skeleton":1},"minecraft:killed":{"minecraft:spider":6,"minecraft:skeleton":2,"minecraft:drowned":18,"minecraft:pig":13,"minecraft:creeper":1,"minecraft:sheep":21,"minecraft:pillager":1,"minecraft:zombie":3,"minecraft:cow":10},"minecraft:picked_up":{"minecraft:cocoa_beans":39,"minecraft:crafting_table":14,"minecraft:wheat":68,"minecraft:azure_bluet":15,"minecraft:enchanted_book":2,"minecraft:string":6,"minecraft:cooked_salmon":8,"minecraft:gold_nugget":3,"minecraft:beef":29,"minecraft:oak_boat":6,"minecraft:jungle_sapling":17,"minecraft:sugar_cane":64,"minecraft:egg":3,"minecraft:golden_helmet":4,"minecraft:stick":17,"minecraft:sandstone":183,"minecraft:oak_door":1,"minecraft:porkchop":29,"minecraft:prismarine_crystals":6,"minecraft:tnt":4,"minecraft:rotten_flesh":43,"minecraft:stone_shovel":2,"minecraft:cooked_cod":8,"minecraft:shears":2,"minecraft:gold_ingot":2,"minecraft:mutton":70,"minecraft:cobblestone":179,"minecraft:white_wool":50,"minecraft:nautilus_shell":3,"minecraft:leather":20,"minecraft:smoker":5,"minecraft:filled_map":2,"minecraft:flint":3,"minecraft:oak_log":127,"minecraft:dirt":10,"minecraft:bone":2,"minecraft:wheat_seeds":2,"minecraft:heart_of_the_sea":2,"minecraft:iron_ingot":6,"minecraft:stone_pickaxe":2,"minecraft:bamboo":191,"minecraft:oak_planks":180,"minecraft:iron_sword":3,"minecraft:cooked_porkchop":36,"minecraft:dandelion":1,"minecraft:sand":709,"minecraft:white_bed":16,"minecraft:diamond":4,"minecraft:stone_axe":2,"minecraft:oak_sapling":3,"minecraft:coal":325},"minecraft:mined":{"minecraft:dark_oak_planks":1,"minecraft:white_bed":14,"minecraft:oak_door":1,"minecraft:jungle_leaves":854,"minecraft:grass_block":7,"minecraft:sandstone":62,"minecraft:tall_seagrass":1,"minecraft:fire":2,"minecraft:suspicious_sand":1,"minecraft:azure_bluet":15,"minecraft:flowering_azalea_leaves":2,"minecraft:vine":3,"minecraft:bamboo":23,"minecraft:stone":93,"minecraft:kelp_plant":1,"minecraft:smoker":3,"minecraft:dandelion":5,"minecraft:crafting_table":12,"minecraft:short_grass":76,"minecraft:tall_grass":7,"minecraft:sugar_cane":28,"minecraft:oak_log":53,"minecraft:coal_ore":177,"minecraft:cocoa":15,"minecraft:gravel":1,"minecraft:sand":284,"minecraft:dirt":26,"minecraft:oak_leaves":27,"minecraft:fern":1}},"DataVersion":3953}