{"stats":{"minecraft:crafted":{"minecraft:oak_boat":1,"minecraft:oak_planks":32,"minecraft:stone_shovel":2,"minecraft:cooked_porkchop":25,"minecraft:crafting_table":1,"minecraft:stick":12,"minecraft:wooden_pickaxe":1,"minecraft:stone_pickaxe":2,"minecraft:furnace":1,"minecraft:white_bed":1,"minecraft:stone_axe":2,"minecraft:air":0,"minecraft:smoker":1},"minecraft:used":{"minecraft:stone_shovel":168,"minecraft:stone_pickaxe":133,"minecraft:wooden_pickaxe":12,"minecraft:golden_helmet":1,"minecraft:stone_axe":115,"minecraft:crafting_table":9,"minecraft:cooked_porkchop":7,"minecraft:oak_boat":1,"minecraft:white_bed":2,"minecraft:egg":1,"minecraft:smoker":2},"minecraft:custom":{"minecraft:time_since_rest":11193,"minecraft:sprint_one_cm":77145,"minecraft:damage_taken":590,"minecraft:walk_one_cm":44943,"minecraft:mob_kills":37,"minecraft:drop":5,"minecraft:damage_dealt":4464,"minecraft:swim_one_cm":59438,"minecraft:interact_with_crafting_table":11,"minecraft:fly_one_cm":96701,"minecraft:open_chest":9,"minecraft:crouch_one_cm":1614,"minecraft:play_time":40372,"minecraft:sneak_time":1988,"minecraft:walk_under_water_one_cm":33525,"minecraft:boat_one_cm":22368,"minecraft:jump":471,"minecraft:leave_game":1,"minecraft:walk_on_water_one_cm":8935,"minecraft:time_since_death":40372,"minecraft:sleep_in_bed":2,"minecraft:interact_with_smoker":4,"minecraft:total_world_time":40372,"minecraft:fall_one_cm":11212},"minecraft:broken":{"minecraft:stone_shovel":1,"minecraft:stone_axe":1,"minecraft:stone_pickaxe":1},"minecraft:dropped":{"minecraft:filled_map":1,"minecraft:oak_sapling":3,"minecraft:wooden_pickaxe":1},"minecraft:killed":{"minecraft:sheep":9,"minecraft:zombie":1,"minecraft:pig":11,"minecraft:spider":1,"minecraft:drowned":12,"minecraft:cow":3},"minecraft:picked_up":{"minecraft:nautilus_shell":1,"minecraft:stick":2,"minecraft:crafting_table":9,"minecraft:sandstone":59,"minecraft:leather":4,"minecraft:smoker":2,"minecraft:sand":151,"minecraft:flint":1,"minecraft:porkchop":25,"minecraft:oak_log":53,"minecraft:white_bed":2,"minecraft:rotten_flesh":13,"minecraft:beef":5,"minecraft:oak_boat":1,"minecraft:oak_sapling":3,"minecraft:coal":6,"minecraft:mutton":16,"minecraft:white_wool":9,"minecraft:cobblestone":65,"minecraft:egg":1},"minecraft:mined":{"minecraft:tall_seagrass":1,"minecraft:white_bed":2,"minecraft:smoker":2,"minecraft:crafting_table":9,"minecraft:short_grass":3,"minecraft:coal_ore":4,"minecraft:oak_log":53,"minecraft:sand":168,"minecraft:gravel":1,"minecraft:tall_grass":1,"minecraft:stone":66,"minecraft:sandstone":60,"minecraft:oak_leaves":2}},"DataVersion":3953}