{"stats":{"minecraft:crafted":{"minecraft:oak_planks":220,"minecraft:stone":177,"minecraft:cooked_mutton":76,"minecraft:bamboo_block":159,"minecraft:glass":64,"minecraft:stone_brick_slab":70,"minecraft:chest":6,"minecraft:rail":32,"minecraft:stone_hoe":1,"minecraft:oak_fence":3,"minecraft:bamboo_raft":3,"minecraft:smoker":1,"minecraft:cauldron":1,"minecraft:cooked_porkchop":53,"minecraft:crafting_table":20,"minecraft:wooden_pickaxe":1,"minecraft:bamboo_planks":212,"minecraft:iron_chestplate":1,"minecraft:shield":1,"minecraft:stick":99,"minecraft:iron_ingot":19,"minecraft:iron_pickaxe":2,"minecraft:gold_ingot":8,"minecraft:light_gray_dye":1,"minecraft:shears":1,"minecraft:oak_door":3,"minecraft:stone_shovel":2,"minecraft:coal":9,"minecraft:iron_nugget":36,"minecraft:furnace":6,"minecraft:bone_meal":60,"minecraft:flint_and_steel":1,"minecraft:scaffolding":150,"minecraft:iron_axe":1,"minecraft:ladder":18,"minecraft:iron_hoe":5,"minecraft:stone_pickaxe":3,"minecraft:wheat":639,"minecraft:cooked_beef":39,"minecraft:coal_block":16,"minecraft:iron_sword":2,"minecraft:leather_helmet":1,"minecraft:bucket":2,"minecraft:stone_axe":4,"minecraft:bread":181,"minecraft:air":0,"minecraft:bamboo_slab":42,"minecraft:oak_boat":7,"minecraft:gold_nugget":45,"minecraft:white_dye":3,"minecraft:iron_shovel":6,"minecraft:iron_leggings":1,"minecraft:stonecutter":1,"minecraft:white_bed":3,"minecraft:torch":32},"minecraft:used":{"minecraft:iron_shovel":1468,"minecraft:ladder":8,"minecraft:chest":7,"minecraft:iron_sword":509,"minecraft:bell":44,"minecraft:carrot":104,"minecraft:jungle_sapling":8,"minecraft:lava_bucket":9,"minecraft:stone_bricks":62,"minecraft:hay_block":9,"minecraft:scaffolding":79,"minecraft:furnace":5,"minecraft:egg":2,"minecraft:golden_boots":2,"minecraft:stone_pickaxe":172,"minecraft:wooden_pickaxe":12,"minecraft:composter":1,"minecraft:sand":5,"minecraft:blast_furnace":1,"minecraft:bread":24,"minecraft:golden_helmet":1,"minecraft:oak_boat":33,"minecraft:bone_meal":57,"minecraft:golden_pickaxe":181,"minecraft:oak_fence":2,"minecraft:flint_and_steel":1,"minecraft:stone_shovel":177,"minecraft:cooked_salmon":10,"minecraft:stone_hoe":131,"minecraft:oak_door":3,"minecraft:torch":9,"minecraft:brewing_stand":2,"minecraft:dirt":1468,"minecraft:iron_hoe":1221,"minecraft:stone_brick_slab":98,"minecraft:bamboo_raft":3,"minecraft:iron_axe":153,"minecraft:bamboo":72,"minecraft:cooked_beef":39,"minecraft:bamboo_planks":132,"minecraft:iron_leggings":2,"minecraft:cooked_mutton":53,"minecraft:water_bucket":40,"minecraft:glass_bottle":4,"minecraft:cauldron":1,"minecraft:stonecutter":4,"minecraft:crafting_table":35,"minecraft:bamboo_block":2,"minecraft:white_bed":90,"minecraft:smoker":9,"minecraft:iron_pickaxe":335,"minecraft:bamboo_slab":35,"minecraft:stone_axe":248,"minecraft:cobblestone":50,"minecraft:cooked_porkchop":31,"minecraft:bucket":50,"minecraft:yellow_bed":15},"minecraft:custom":{"minecraft:interact_with_crafting_table":109,"minecraft:bell_ring":618,"minecraft:leave_game":8,"minecraft:time_since_death":12778,"minecraft:sprint_one_cm":1562506,"minecraft:drop":165,"minecraft:talked_to_villager":31,"minecraft:play_time":718872,"minecraft:deaths":15,"minecraft:jump":13986,"minecraft:interact_with_brewingstand":3,"minecraft:walk_on_water_one_cm":89936,"minecraft:interact_with_furnace":30,"minecraft:sleep_in_bed":46,"minecraft:damage_dealt":34649,"minecraft:crouch_one_cm":100508,"minecraft:interact_with_smoker":28,"minecraft:use_cauldron":3,"minecraft:horse_one_cm":293,"minecraft:mob_kills":224,"minecraft:fill_cauldron":1,"minecraft:climb_one_cm":78384,"minecraft:walk_one_cm":1242572,"minecraft:sneak_time":32292,"minecraft:walk_under_water_one_cm":108759,"minecraft:boat_one_cm":628877,"minecraft:interact_with_blast_furnace":5,"minecraft:total_world_time":718872,"minecraft:interact_with_stonecutter":6,"minecraft:time_since_rest":12807,"minecraft:damage_taken":12761,"minecraft:swim_one_cm":370824,"minecraft:fly_one_cm":2533804,"minecraft:open_chest":492,"minecraft:fall_one_cm":397454},"minecraft:broken":{"minecraft:golden_helmet":1,"minecraft:iron_shovel":5,"minecraft:stone_pickaxe":1,"minecraft:stone_axe":2,"minecraft:iron_sword":2,"minecraft:stone_shovel":1,"minecraft:iron_hoe":4,"minecraft:stone_hoe":1,"minecraft:iron_pickaxe":1},"minecraft:dropped":{"minecraft:iron_sword":3,"minecraft:crafting_table":2,"minecraft:warped_roots":5,"minecraft:dirt":5,"minecraft:mutton":4,"minecraft:cooked_cod":4,"minecraft:gold_nugget":7,"minecraft:sand":284,"minecraft:white_wool":20,"minecraft:oak_door":1,"minecraft:gravel":14,"minecraft:stone_axe":1,"minecraft:iron_nugget":7,"minecraft:rotten_flesh":42,"minecraft:oak_planks":96,"minecraft:azure_bluet":106,"minecraft:white_bed":5,"minecraft:poppy":1,"minecraft:gunpowder":1,"minecraft:arrow":5,"minecraft:beef":1,"minecraft:egg":1,"minecraft:bread":5,"minecraft:wheat_seeds":37,"minecraft:golden_helmet":3,"minecraft:prismarine_crystals":3,"minecraft:copper_ingot":1,"minecraft:gray_wool":2,"minecraft:cooked_salmon":2,"minecraft:dandelion":40,"minecraft:cocoa_beans":39,"minecraft:stone_shovel":1,"minecraft:light_gray_wool":2,"minecraft:shears":1,"minecraft:filled_map":6,"minecraft:bamboo_raft":2,"minecraft:yellow_bed":4,"minecraft:oak_sapling":4,"minecraft:sandstone":61,"minecraft:stone_pickaxe":1,"minecraft:wooden_pickaxe":1},"minecraft:killed_by":{"minecraft:skeleton":8},"minecraft:killed":{"minecraft:witch":1,"minecraft:spider":33,"minecraft:skeleton":9,"minecraft:piglin_brute":1,"minecraft:pig":25,"minecraft:iron_golem":2,"minecraft:creeper":7,"minecraft:sheep":50,"minecraft:trader_llama":3,"minecraft:pillager":1,"minecraft:zombie":36,"minecraft:cow":23,"minecraft:drowned":20,"minecraft:wandering_trader":1,"minecraft:enderman":3},"minecraft:picked_up":{"minecraft:iron_chestplate":6,"minecraft:wheat":128,"minecraft:lead":65,"minecraft:enchanted_book":2,"minecraft:brewing_stand":4,"minecraft:string":42,"minecraft:cooked_salmon":8,"minecraft:iron_leggings":7,"minecraft:gold_nugget":3,"minecraft:bucket":8,"minecraft:iron_pickaxe":6,"minecraft:golden_helmet":6,"minecraft:stick":51,"minecraft:composter":2,"minecraft:oak_fence":11,"minecraft:torch":185,"minecraft:bamboo_slab":52,"minecraft:porkchop":53,"minecraft:golden_chestplate":1,"minecraft:cauldron":2,"minecraft:bamboo_block":55,"minecraft:rotten_flesh":86,"minecraft:cobblestone":506,"minecraft:nautilus_shell":3,"minecraft:cooked_beef":8,"minecraft:water_bucket":4,"minecraft:golden_leggings":1,"minecraft:smoker":11,"minecraft:flint":4,"minecraft:dirt":2533,"minecraft:glass":167,"minecraft:bone":62,"minecraft:stonecutter":6,"minecraft:wheat_seeds":41,"minecraft:bell":44,"minecraft:fletching_table":1,"minecraft:bamboo":2001,"minecraft:oak_planks":238,"minecraft:cooked_porkchop":85,"minecraft:bamboo_raft":2,"minecraft:sand":773,"minecraft:iron_hoe":7,"minecraft:sugar":1,"minecraft:diamond":4,"minecraft:cracked_polished_blackstone_bricks":1,"minecraft:golden_apple":2,"minecraft:bread":62,"minecraft:oak_sapling":4,"minecraft:cocoa_beans":117,"minecraft:crafting_table":25,"minecraft:azure_bluet":118,"minecraft:ladder":40,"minecraft:gold_block":1,"minecraft:iron_axe":9,"minecraft:flint_and_steel":1,"minecraft:iron_shovel":7,"minecraft:blackstone":1,"minecraft:cartography_table":1,"minecraft:beef":50,"minecraft:oak_boat":33,"minecraft:jungle_sapling":34,"minecraft:poppy":1,"minecraft:light_gray_wool":2,"minecraft:chest":2,"minecraft:sugar_cane":269,"minecraft:egg":3,"minecraft:sandstone":183,"minecraft:raw_iron":8,"minecraft:stone":15,"minecraft:oak_door":1,"minecraft:copper_ingot":1,"minecraft:polished_blackstone_bricks":7,"minecraft:carrot":142,"minecraft:redstone":4,"minecraft:prismarine_crystals":6,"minecraft:tnt":4,"minecraft:arrow":16,"minecraft:stone_shovel":2,"minecraft:cooked_cod":8,"minecraft:golden_hoe":1,"minecraft:shears":8,"minecraft:hay_block":119,"minecraft:gold_ingot":2,"minecraft:mutton":112,"minecraft:white_wool":183,"minecraft:rail":32,"minecraft:basalt":1,"minecraft:leather":34,"minecraft:filled_map":2,"minecraft:oak_log":137,"minecraft:golden_boots":8,"minecraft:yellow_bed":27,"minecraft:gunpowder":5,"minecraft:cooked_mutton":141,"minecraft:apple":10,"minecraft:stone_bricks":74,"minecraft:stone_pickaxe":2,"minecraft:heart_of_the_sea":2,"minecraft:iron_ingot":41,"minecraft:glass_bottle":4,"minecraft:iron_sword":14,"minecraft:scaffolding":683,"minecraft:bamboo_planks":342,"minecraft:stone_brick_slab":23,"minecraft:dandelion":41,"minecraft:gravel":20,"minecraft:spruce_sapling":8,"minecraft:blast_furnace":1,"minecraft:white_bed":103,"minecraft:spider_eye":18,"minecraft:stone_axe":3,"minecraft:gray_wool":2,"minecraft:warped_roots":5,"minecraft:coal":469,"minecraft:ender_pearl":2},"minecraft:mined":{"minecraft:dark_oak_planks":1,"minecraft:white_bed":86,"minecraft:farmland":2,"minecraft:jungle_leaves":854,"minecraft:brewing_stand":2,"minecraft:grass_block":1117,"minecraft:cracked_polished_blackstone_bricks":1,"minecraft:bamboo_block":2,"minecraft:composter":2,"minecraft:polished_blackstone_bricks":9,"minecraft:tall_seagrass":1,"minecraft:iron_ore":8,"minecraft:fire":3,"minecraft:fletching_table":1,"minecraft:azure_bluet":47,"minecraft:flowering_azalea_leaves":2,"minecraft:dirt_path":7,"minecraft:bamboo_slab":3,"minecraft:blackstone":1,"minecraft:kelp_plant":1,"minecraft:smoker":7,"minecraft:blast_furnace":1,"minecraft:chest":2,"minecraft:cobblestone":4,"minecraft:sugar_cane":57,"minecraft:cauldron":1,"minecraft:bamboo_planks":3,"minecraft:oak_log":63,"minecraft:sand":284,"minecraft:dirt":395,"minecraft:stonecutter":4,"minecraft:oak_leaves":31,"minecraft:oak_door":1,"minecraft:spruce_leaves":194,"minecraft:cartography_table":1,"minecraft:sandstone":62,"minecraft:hay_block":80,"minecraft:carrots":38,"minecraft:suspicious_sand":1,"minecraft:gold_block":1,"minecraft:bell":44,"minecraft:vine":3,"minecraft:bamboo":229,"minecraft:stone":312,"minecraft:scaffolding":3,"minecraft:basalt":1,"minecraft:stone_brick_slab":5,"minecraft:dandelion":32,"minecraft:oak_fence":2,"minecraft:crafting_table":18,"minecraft:short_grass":240,"minecraft:tall_grass":22,"minecraft:yellow_bed":19,"minecraft:coal_ore":192,"minecraft:cocoa":15,"minecraft:gravel":16,"minecraft:stone_bricks":11,"minecraft:fern":1}},"DataVersion":3953}