{"stats":{"minecraft:crafted":{"minecraft:oak_planks":32,"minecraft:stone_shovel":2,"minecraft:cooked_porkchop":25,"minecraft:crafting_table":1,"minecraft:wooden_pickaxe":1,"minecraft:furnace":1,"minecraft:stone_axe":2,"minecraft:air":0,"minecraft:oak_boat":1,"minecraft:stick":12,"minecraft:stone_pickaxe":2,"minecraft:white_bed":1,"minecraft:smoker":1},"minecraft:used":{"minecraft:stone_pickaxe":136,"minecraft:stone_shovel":172,"minecraft:wooden_pickaxe":12,"minecraft:iron_sword":4,"minecraft:crafting_table":9,"minecraft:white_bed":4,"minecraft:smoker":2,"minecraft:golden_helmet":1,"minecraft:stone_axe":127,"minecraft:cooked_porkchop":9,"minecraft:oak_boat":2,"minecraft:egg":2},"minecraft:custom":{"minecraft:mob_kills":46,"minecraft:interact_with_crafting_table":11,"minecraft:time_since_death":4067,"minecraft:leave_game":1,"minecraft:sleep_in_bed":3,"minecraft:time_since_rest":4091,"minecraft:sprint_one_cm":153203,"minecraft:damage_taken":1220,"minecraft:walk_one_cm":57338,"minecraft:drop":7,"minecraft:damage_dealt":5344,"minecraft:swim_one_cm":60577,"minecraft:fly_one_cm":181580,"minecraft:open_chest":10,"minecraft:crouch_one_cm":2021,"minecraft:play_time":52372,"minecraft:deaths":2,"minecraft:sneak_time":2182,"minecraft:walk_under_water_one_cm":33602,"minecraft:boat_one_cm":65049,"minecraft:jump":864,"minecraft:walk_on_water_one_cm":9617,"minecraft:total_world_time":52372,"minecraft:interact_with_smoker":4,"minecraft:fall_one_cm":26524},"minecraft:broken":{"minecraft:stone_pickaxe":1,"minecraft:stone_axe":1,"minecraft:stone_shovel":1},"minecraft:dropped":{"minecraft:filled_map":2,"minecraft:oak_sapling":3,"minecraft:wooden_pickaxe":1,"minecraft:egg":1},"minecraft:killed_by":{"minecraft:skeleton":1},"minecraft:killed":{"minecraft:pig":13,"minecraft:spider":1,"minecraft:sheep":15,"minecraft:skeleton":1,"minecraft:zombie":1,"minecraft:drowned":12,"minecraft:cow":3},"minecraft:picked_up":{"minecraft:nautilus_shell":3,"minecraft:crafting_table":11,"minecraft:wheat":68,"minecraft:leather":12,"minecraft:smoker":4,"minecraft:enchanted_book":2,"minecraft:flint":3,"minecraft:oak_log":127,"minecraft:cooked_salmon":8,"minecraft:bone":2,"minecraft:heart_of_the_sea":2,"minecraft:iron_ingot":6,"minecraft:beef":15,"minecraft:stone_pickaxe":2,"minecraft:oak_boat":3,"minecraft:oak_planks":22,"minecraft:iron_sword":2,"minecraft:egg":3,"minecraft:golden_helmet":2,"minecraft:stick":2,"minecraft:sandstone":183,"minecraft:cooked_porkchop":36,"minecraft:porkchop":29,"minecraft:sand":465,"minecraft:white_bed":5,"minecraft:prismarine_crystals":6,"minecraft:tnt":4,"minecraft:rotten_flesh":43,"minecraft:stone_shovel":2,"minecraft:cooked_cod":8,"minecraft:diamond":4,"minecraft:stone_axe":2,"minecraft:gold_ingot":2,"minecraft:oak_sapling":3,"minecraft:mutton":60,"minecraft:coal":100,"minecraft:cobblestone":154,"minecraft:white_wool":27},"minecraft:mined":{"minecraft:white_bed":4,"minecraft:smoker":2,"minecraft:crafting_table":9,"minecraft:short_grass":3,"minecraft:tall_grass":2,"minecraft:sandstone":62,"minecraft:tall_seagrass":1,"minecraft:oak_log":53,"minecraft:coal_ore":4,"minecraft:gravel":1,"minecraft:sand":172,"minecraft:stone":67,"minecraft:oak_leaves":2}},"DataVersion":3953}