{"stats":{"minecraft:crafted":{"minecraft:cooked_beef":19,"minecraft:oak_planks":44,"minecraft:stone_shovel":2,"minecraft:cooked_porkchop":29,"minecraft:iron_nugget":36,"minecraft:crafting_table":4,"minecraft:wooden_pickaxe":1,"minecraft:furnace":1,"minecraft:stone_axe":2,"minecraft:cooked_mutton":38,"minecraft:air":0,"minecraft:oak_boat":1,"minecraft:gold_nugget":45,"minecraft:iron_hoe":3,"minecraft:stick":14,"minecraft:iron_ingot":6,"minecraft:stone_pickaxe":2,"minecraft:gold_ingot":7,"minecraft:white_bed":1,"minecraft:stone_hoe":1,"minecraft:shears":1,"minecraft:smoker":1},"minecraft:used":{"minecraft:cooked_mutton":1,"minecraft:stone_pickaxe":157,"minecraft:stone_shovel":177,"minecraft:wooden_pickaxe":12,"minecraft:iron_sword":62,"minecraft:cooked_salmon":10,"minecraft:stone_hoe":131,"minecraft:dirt":2,"minecraft:crafting_table":15,"minecraft:white_bed":10,"minecraft:smoker":3,"minecraft:iron_hoe":750,"minecraft:golden_helmet":1,"minecraft:stone_axe":138,"minecraft:cobblestone":5,"minecraft:cooked_porkchop":14,"minecraft:oak_boat":3,"minecraft:egg":2,"minecraft:golden_pickaxe":11},"minecraft:custom":{"minecraft:mob_kills":61,"minecraft:interact_with_crafting_table":20,"minecraft:leave_game":3,"minecraft:time_since_death":103273,"minecraft:sleep_in_bed":11,"minecraft:climb_one_cm":9047,"minecraft:time_since_rest":9032,"minecraft:sprint_one_cm":315887,"minecraft:damage_taken":2105,"minecraft:walk_one_cm":134466,"minecraft:drop":22,"minecraft:damage_dealt":6925,"minecraft:swim_one_cm":150265,"minecraft:fly_one_cm":522883,"minecraft:open_chest":29,"minecraft:crouch_one_cm":10523,"minecraft:play_time":151578,"minecraft:sneak_time":4328,"minecraft:deaths":2,"minecraft:walk_under_water_one_cm":43626,"minecraft:boat_one_cm":191085,"minecraft:jump":2503,"minecraft:walk_on_water_one_cm":20694,"minecraft:interact_with_smoker":9,"minecraft:total_world_time":151578,"minecraft:fall_one_cm":77595},"minecraft:broken":{"minecraft:stone_pickaxe":1,"minecraft:stone_axe":1,"minecraft:stone_shovel":1,"minecraft:stone_hoe":1,"minecraft:iron_hoe":3},"minecraft:dropped":{"minecraft:iron_sword":1,"minecraft:golden_helmet":2,"minecraft:iron_nugget":6,"minecraft:crafting_table":1,"minecraft:stone_shovel":1,"minecraft:white_bed":1,"minecraft:filled_map":3,"minecraft:cooked_cod":4,"minecraft:cooked_salmon":2,"minecraft:oak_sapling":3,"minecraft:sand":64,"minecraft:stone_pickaxe":1,"minecraft:gold_nugget":6,"minecraft:sandstone":61,"minecraft:wooden_pickaxe":1,"minecraft:egg":1},"minecraft:killed_by":{"minecraft:skeleton":1},"minecraft:killed":{"minecraft:pig":13,"minecraft:spider":1,"minecraft:sheep":21,"minecraft:skeleton":1,"minecraft:zombie":3,"minecraft:drowned":12,"minecraft:cow":10},"minecraft:picked_up":{"minecraft:nautilus_shell":3,"minecraft:crafting_table":14,"minecraft:wheat":68,"minecraft:leather":20,"minecraft:smoker":5,"minecraft:enchanted_book":2,"minecraft:flint":3,"minecraft:oak_log":127,"minecraft:dirt":2,"minecraft:cooked_salmon":8,"minecraft:bone":2,"minecraft:gold_nugget":3,"minecraft:heart_of_the_sea":2,"minecraft:iron_ingot":6,"minecraft:beef":29,"minecraft:stone_pickaxe":2,"minecraft:oak_boat":5,"minecraft:jungle_sapling":17,"minecraft:bamboo":191,"minecraft:sugar_cane":45,"minecraft:oak_planks":22,"minecraft:iron_sword":3,"minecraft:egg":3,"minecraft:golden_helmet":4,"minecraft:stick":16,"minecraft:sandstone":183,"minecraft:cooked_porkchop":36,"minecraft:porkchop":29,"minecraft:sand":465,"minecraft:white_bed":12,"minecraft:prismarine_crystals":6,"minecraft:tnt":4,"minecraft:cooked_cod":8,"minecraft:rotten_flesh":43,"minecraft:stone_shovel":2,"minecraft:diamond":4,"minecraft:stone_axe":2,"minecraft:gold_ingot":2,"minecraft:oak_sapling":3,"minecraft:mutton":70,"minecraft:coal":177,"minecraft:white_wool":50,"minecraft:cobblestone":160},"minecraft:mined":{"minecraft:white_bed":10,"minecraft:smoker":3,"minecraft:jungle_leaves":854,"minecraft:crafting_table":12,"minecraft:short_grass":8,"minecraft:grass_block":2,"minecraft:tall_grass":2,"minecraft:sugar_cane":20,"minecraft:sandstone":62,"minecraft:tall_seagrass":1,"minecraft:vine":3,"minecraft:oak_log":53,"minecraft:coal_ore":28,"minecraft:gravel":1,"minecraft:sand":177,"minecraft:bamboo":23,"minecraft:stone":73,"minecraft:oak_leaves":27}},"DataVersion":3953}