{"stats":{"minecraft:crafted":{"minecraft:oak_door":3,"minecraft:oak_planks":220,"minecraft:stone_shovel":2,"minecraft:iron_nugget":36,"minecraft:furnace":1,"minecraft:bone_meal":3,"minecraft:cooked_mutton":76,"minecraft:scaffolding":60,"minecraft:bamboo_block":42,"minecraft:iron_axe":1,"minecraft:iron_hoe":4,"minecraft:stone_pickaxe":2,"minecraft:chest":6,"minecraft:rail":32,"minecraft:stone_hoe":1,"minecraft:bamboo_raft":3,"minecraft:smoker":1,"minecraft:cooked_beef":39,"minecraft:coal_block":16,"minecraft:cooked_porkchop":53,"minecraft:crafting_table":19,"minecraft:wooden_pickaxe":1,"minecraft:iron_sword":1,"minecraft:bucket":1,"minecraft:stone_axe":2,"minecraft:air":0,"minecraft:oak_boat":7,"minecraft:bamboo_planks":84,"minecraft:iron_chestplate":1,"minecraft:gold_nugget":45,"minecraft:white_dye":3,"minecraft:stick":54,"minecraft:iron_ingot":10,"minecraft:iron_pickaxe":1,"minecraft:iron_leggings":1,"minecraft:iron_shovel":4,"minecraft:gold_ingot":8,"minecraft:light_gray_dye":1,"minecraft:white_bed":3,"minecraft:torch":32,"minecraft:shears":1},"minecraft:used":{"minecraft:iron_shovel":910,"minecraft:stone_shovel":177,"minecraft:chest":6,"minecraft:iron_sword":301,"minecraft:bell":44,"minecraft:cooked_salmon":10,"minecraft:stone_hoe":131,"minecraft:oak_door":3,"minecraft:torch":2,"minecraft:dirt":790,"minecraft:jungle_sapling":8,"minecraft:iron_hoe":822,"minecraft:bamboo_raft":3,"minecraft:iron_axe":111,"minecraft:bamboo":72,"minecraft:hay_block":9,"minecraft:scaffolding":24,"minecraft:egg":2,"minecraft:cooked_beef":30,"minecraft:cooked_mutton":23,"minecraft:water_bucket":22,"minecraft:stone_pickaxe":157,"minecraft:wooden_pickaxe":12,"minecraft:composter":1,"minecraft:sand":5,"minecraft:crafting_table":28,"minecraft:white_bed":79,"minecraft:smoker":8,"minecraft:bread":13,"minecraft:iron_pickaxe":92,"minecraft:golden_helmet":1,"minecraft:stone_axe":229,"minecraft:cobblestone":16,"minecraft:cooked_porkchop":29,"minecraft:bucket":23,"minecraft:yellow_bed":15,"minecraft:oak_boat":18,"minecraft:golden_pickaxe":181},"minecraft:custom":{"minecraft:mob_kills":193,"minecraft:interact_with_crafting_table":68,"minecraft:bell_ring":618,"minecraft:leave_game":6,"minecraft:time_since_death":85879,"minecraft:climb_one_cm":16575,"minecraft:sprint_one_cm":1188154,"minecraft:walk_one_cm":721845,"minecraft:drop":113,"minecraft:talked_to_villager":9,"minecraft:play_time":495218,"minecraft:sneak_time":11466,"minecraft:deaths":3,"minecraft:walk_under_water_one_cm":92077,"minecraft:boat_one_cm":591248,"minecraft:jump":9353,"minecraft:walk_on_water_one_cm":48136,"minecraft:total_world_time":495218,"minecraft:sleep_in_bed":32,"minecraft:time_since_rest":276,"minecraft:damage_taken":6259,"minecraft:damage_dealt":27493,"minecraft:swim_one_cm":331459,"minecraft:fly_one_cm":2023761,"minecraft:open_chest":297,"minecraft:crouch_one_cm":25861,"minecraft:interact_with_smoker":25,"minecraft:fall_one_cm":271931,"minecraft:horse_one_cm":293},"minecraft:broken":{"minecraft:iron_shovel":3,"minecraft:stone_hoe":1,"minecraft:stone_pickaxe":1,"minecraft:stone_axe":2,"minecraft:iron_sword":1,"minecraft:stone_shovel":1,"minecraft:iron_hoe":3},"minecraft:dropped":{"minecraft:bread":5,"minecraft:iron_sword":3,"minecraft:wheat_seeds":32,"minecraft:golden_helmet":3,"minecraft:crafting_table":2,"minecraft:prismarine_crystals":3,"minecraft:dirt":2,"minecraft:gray_wool":2,"minecraft:mutton":4,"minecraft:cooked_cod":4,"minecraft:cooked_salmon":2,"minecraft:gold_nugget":7,"minecraft:sand":284,"minecraft:white_wool":20,"minecraft:dandelion":36,"minecraft:oak_door":1,"minecraft:stone_axe":1,"minecraft:iron_nugget":7,"minecraft:cocoa_beans":39,"minecraft:stone_shovel":1,"minecraft:rotten_flesh":21,"minecraft:light_gray_wool":2,"minecraft:oak_planks":96,"minecraft:azure_bluet":87,"minecraft:white_bed":5,"minecraft:shears":1,"minecraft:filled_map":6,"minecraft:poppy":1,"minecraft:bamboo_raft":2,"minecraft:gunpowder":1,"minecraft:yellow_bed":4,"minecraft:oak_sapling":3,"minecraft:beef":1,"minecraft:sandstone":61,"minecraft:wooden_pickaxe":1,"minecraft:stone_pickaxe":1,"minecraft:arrow":3,"minecraft:egg":1},"minecraft:killed_by":{"minecraft:skeleton":2},"minecraft:killed":{"minecraft:spider":29,"minecraft:skeleton":6,"minecraft:drowned":18,"minecraft:pig":25,"minecraft:iron_golem":2,"minecraft:wandering_trader":1,"minecraft:creeper":6,"minecraft:sheep":50,"minecraft:trader_llama":1,"minecraft:pillager":1,"minecraft:zombie":25,"minecraft:cow":23},"minecraft:picked_up":{"minecraft:cocoa_beans":117,"minecraft:crafting_table":16,"minecraft:azure_bluet":88,"minecraft:wheat":128,"minecraft:lead":14,"minecraft:gold_block":1,"minecraft:enchanted_book":2,"minecraft:brewing_stand":2,"minecraft:string":21,"minecraft:cooked_salmon":8,"minecraft:flint_and_steel":1,"minecraft:iron_shovel":1,"minecraft:cartography_table":1,"minecraft:gold_nugget":3,"minecraft:beef":50,"minecraft:oak_boat":13,"minecraft:light_gray_wool":2,"minecraft:jungle_sapling":34,"minecraft:iron_pickaxe":1,"minecraft:poppy":1,"minecraft:chest":1,"minecraft:sugar_cane":164,"minecraft:egg":3,"minecraft:golden_helmet":6,"minecraft:stick":24,"minecraft:sandstone":183,"minecraft:oak_door":1,"minecraft:composter":2,"minecraft:torch":3,"minecraft:porkchop":53,"minecraft:carrot":38,"minecraft:golden_chestplate":1,"minecraft:prismarine_crystals":6,"minecraft:tnt":4,"minecraft:rotten_flesh":64,"minecraft:arrow":8,"minecraft:stone_shovel":2,"minecraft:cooked_cod":8,"minecraft:golden_hoe":1,"minecraft:shears":3,"minecraft:hay_block":87,"minecraft:gold_ingot":2,"minecraft:mutton":112,"minecraft:rail":32,"minecraft:white_wool":183,"minecraft:cobblestone":244,"minecraft:nautilus_shell":3,"minecraft:water_bucket":1,"minecraft:leather":32,"minecraft:golden_leggings":1,"minecraft:smoker":10,"minecraft:filled_map":2,"minecraft:flint":3,"minecraft:oak_log":137,"minecraft:golden_boots":1,"minecraft:yellow_bed":27,"minecraft:gunpowder":3,"minecraft:dirt":923,"minecraft:bone":29,"minecraft:apple":10,"minecraft:wheat_seeds":35,"minecraft:bell":44,"minecraft:heart_of_the_sea":2,"minecraft:iron_ingot":13,"minecraft:stone_pickaxe":2,"minecraft:fletching_table":1,"minecraft:bamboo":702,"minecraft:iron_sword":6,"minecraft:oak_planks":180,"minecraft:scaffolding":36,"minecraft:bamboo_planks":1,"minecraft:cooked_porkchop":38,"minecraft:dandelion":36,"minecraft:bamboo_raft":2,"minecraft:sand":773,"minecraft:white_bed":97,"minecraft:spider_eye":10,"minecraft:iron_hoe":1,"minecraft:diamond":4,"minecraft:stone_axe":3,"minecraft:gray_wool":2,"minecraft:golden_apple":2,"minecraft:bread":4,"minecraft:oak_sapling":3,"minecraft:coal":434},"minecraft:mined":{"minecraft:dark_oak_planks":1,"minecraft:white_bed":80,"minecraft:oak_door":1,"minecraft:jungle_leaves":854,"minecraft:brewing_stand":2,"minecraft:grass_block":708,"minecraft:cartography_table":1,"minecraft:composter":2,"minecraft:sandstone":62,"minecraft:hay_block":48,"minecraft:tall_seagrass":1,"minecraft:carrots":15,"minecraft:fire":2,"minecraft:suspicious_sand":1,"minecraft:fletching_table":1,"minecraft:azure_bluet":43,"minecraft:gold_block":1,"minecraft:bell":44,"minecraft:vine":3,"minecraft:flowering_azalea_leaves":2,"minecraft:dirt_path":7,"minecraft:bamboo":75,"minecraft:stone":99,"minecraft:kelp_plant":1,"minecraft:smoker":7,"minecraft:dandelion":32,"minecraft:crafting_table":12,"minecraft:short_grass":222,"minecraft:cobblestone":1,"minecraft:tall_grass":19,"minecraft:sugar_cane":43,"minecraft:yellow_bed":19,"minecraft:oak_log":63,"minecraft:coal_ore":192,"minecraft:cocoa":15,"minecraft:gravel":1,"minecraft:sand":284,"minecraft:dirt":211,"minecraft:oak_leaves":27,"minecraft:fern":1}},"DataVersion":3953}