{"stats":{"minecraft:crafted":{"minecraft:smooth_stone":11,"minecraft:oak_planks":220,"minecraft:stone":241,"minecraft:cooked_mutton":76,"minecraft:bamboo_block":184,"minecraft:glass":64,"minecraft:stone_brick_slab":70,"minecraft:chest":8,"minecraft:rail":32,"minecraft:stone_hoe":1,"minecraft:oak_fence":3,"minecraft:bamboo_raft":3,"minecraft:smoker":1,"minecraft:cauldron":1,"minecraft:cooked_porkchop":53,"minecraft:crafting_table":22,"minecraft:wooden_pickaxe":1,"minecraft:bamboo_planks":368,"minecraft:iron_chestplate":1,"minecraft:shield":3,"minecraft:stick":257,"minecraft:iron_ingot":65,"minecraft:iron_pickaxe":6,"minecraft:gold_ingot":26,"minecraft:light_gray_dye":1,"minecraft:shears":1,"minecraft:wooden_sword":2,"minecraft:oak_door":3,"minecraft:coal":45,"minecraft:stone_shovel":3,"minecraft:iron_nugget":36,"minecraft:furnace":8,"minecraft:blast_furnace":1,"minecraft:bone_meal":60,"minecraft:flint_and_steel":1,"minecraft:scaffolding":150,"minecraft:iron_axe":2,"minecraft:ladder":57,"minecraft:iron_hoe":5,"minecraft:stone_pickaxe":7,"minecraft:wheat":639,"minecraft:cooked_beef":39,"minecraft:coal_block":16,"minecraft:iron_sword":2,"minecraft:leather_helmet":1,"minecraft:bucket":2,"minecraft:stone_axe":7,"minecraft:air":0,"minecraft:bread":211,"minecraft:jungle_planks":72,"minecraft:bamboo_slab":42,"minecraft:oak_boat":7,"minecraft:gold_nugget":45,"minecraft:white_dye":3,"minecraft:iron_shovel":6,"minecraft:iron_leggings":1,"minecraft:stonecutter":1,"minecraft:white_bed":3,"minecraft:torch":264},"minecraft:used":{"minecraft:iron_shovel":1468,"minecraft:ladder":41,"minecraft:chest":11,"minecraft:iron_sword":509,"minecraft:bell":44,"minecraft:carrot":104,"minecraft:jungle_sapling":12,"minecraft:lava_bucket":9,"minecraft:stone_bricks":62,"minecraft:hay_block":9,"minecraft:scaffolding":98,"minecraft:furnace":9,"minecraft:egg":2,"minecraft:golden_boots":2,"minecraft:stone_pickaxe":737,"minecraft:blackstone":1,"minecraft:wooden_pickaxe":12,"minecraft:composter":1,"minecraft:sand":5,"minecraft:blast_furnace":2,"minecraft:bread":47,"minecraft:golden_helmet":1,"minecraft:wooden_sword":40,"minecraft:oak_boat":34,"minecraft:golden_pickaxe":212,"minecraft:bone_meal":57,"minecraft:oak_fence":2,"minecraft:flint_and_steel":1,"minecraft:stone_shovel":182,"minecraft:cooked_salmon":10,"minecraft:stone_hoe":131,"minecraft:oak_door":3,"minecraft:torch":198,"minecraft:brewing_stand":2,"minecraft:dirt":1492,"minecraft:iron_hoe":1221,"minecraft:stone_brick_slab":98,"minecraft:bamboo_raft":3,"minecraft:iron_axe":197,"minecraft:bamboo":73,"minecraft:basalt":1,"minecraft:cooked_beef":39,"minecraft:bamboo_planks":248,"minecraft:iron_leggings":2,"minecraft:cooked_mutton":53,"minecraft:water_bucket":41,"minecraft:glass_bottle":4,"minecraft:cauldron":1,"minecraft:stonecutter":4,"minecraft:polished_blackstone_bricks":29,"minecraft:gilded_blackstone":4,"minecraft:crafting_table":43,"minecraft:bamboo_block":2,"minecraft:white_bed":90,"minecraft:smoker":9,"minecraft:cracked_polished_blackstone_bricks":4,"minecraft:iron_pickaxe":956,"minecraft:bamboo_slab":35,"minecraft:stone_axe":417,"minecraft:cobblestone":156,"minecraft:cooked_porkchop":31,"minecraft:bucket":52,"minecraft:yellow_bed":17},"minecraft:custom":{"minecraft:interact_with_crafting_table":144,"minecraft:bell_ring":618,"minecraft:leave_game":9,"minecraft:time_since_death":22346,"minecraft:sprint_one_cm":1699016,"minecraft:drop":202,"minecraft:talked_to_villager":31,"minecraft:play_time":834855,"minecraft:deaths":18,"minecraft:jump":15374,"minecraft:interact_with_brewingstand":3,"minecraft:walk_on_water_one_cm":95230,"minecraft:interact_with_furnace":63,"minecraft:sleep_in_bed":51,"minecraft:damage_dealt":40348,"minecraft:crouch_one_cm":149602,"minecraft:interact_with_smoker":28,"minecraft:use_cauldron":3,"minecraft:horse_one_cm":293,"minecraft:mob_kills":244,"minecraft:fill_cauldron":1,"minecraft:climb_one_cm":104529,"minecraft:walk_one_cm":1461963,"minecraft:sneak_time":50435,"minecraft:walk_under_water_one_cm":108793,"minecraft:boat_one_cm":628877,"minecraft:interact_with_blast_furnace":9,"minecraft:total_world_time":834855,"minecraft:interact_with_stonecutter":6,"minecraft:time_since_rest":22372,"minecraft:damage_taken":14505,"minecraft:swim_one_cm":371647,"minecraft:fly_one_cm":2632434,"minecraft:open_chest":553,"minecraft:fall_one_cm":420304},"minecraft:broken":{"minecraft:golden_helmet":1,"minecraft:iron_shovel":5,"minecraft:stone_pickaxe":5,"minecraft:wooden_sword":1,"minecraft:stone_axe":3,"minecraft:iron_sword":2,"minecraft:stone_shovel":1,"minecraft:iron_hoe":4,"minecraft:stone_hoe":1,"minecraft:iron_pickaxe":3,"minecraft:golden_pickaxe":1},"minecraft:dropped":{"minecraft:iron_sword":3,"minecraft:golden_pickaxe":1,"minecraft:diamond":4,"minecraft:crafting_table":2,"minecraft:warped_roots":5,"minecraft:gold_block":2,"minecraft:dirt":5,"minecraft:cracked_polished_blackstone_bricks":11,"minecraft:mutton":4,"minecraft:coast_armor_trim_smithing_template":4,"minecraft:cooked_cod":4,"minecraft:chain":2,"minecraft:gold_nugget":13,"minecraft:sand":284,"minecraft:white_wool":20,"minecraft:bone":2,"minecraft:oak_door":1,"minecraft:gravel":14,"minecraft:stone_axe":1,"minecraft:sugar_cane":139,"minecraft:iron_nugget":7,"minecraft:golden_chestplate":1,"minecraft:wheat":65,"minecraft:rotten_flesh":44,"minecraft:oak_planks":96,"minecraft:azure_bluet":106,"minecraft:white_bed":6,"minecraft:poppy":1,"minecraft:gunpowder":3,"minecraft:arrow":5,"minecraft:beef":1,"minecraft:cartography_table":1,"minecraft:egg":1,"minecraft:bread":5,"minecraft:wheat_seeds":37,"minecraft:golden_helmet":3,"minecraft:lead":6,"minecraft:prismarine_crystals":3,"minecraft:copper_ingot":1,"minecraft:coal":8,"minecraft:coal_block":31,"minecraft:gray_wool":2,"minecraft:cooked_salmon":2,"minecraft:potion":1,"minecraft:golden_hoe":1,"minecraft:string":2,"minecraft:spruce_sapling":8,"minecraft:dandelion":40,"minecraft:cocoa_beans":39,"minecraft:stone_shovel":1,"minecraft:light_gray_wool":2,"minecraft:shears":1,"minecraft:filled_map":6,"minecraft:bamboo_raft":2,"minecraft:yellow_bed":7,"minecraft:oak_sapling":4,"minecraft:sandstone":61,"minecraft:stone_pickaxe":2,"minecraft:wooden_pickaxe":1},"minecraft:killed_by":{"minecraft:creeper":1,"minecraft:hoglin":1,"minecraft:skeleton":9},"minecraft:killed":{"minecraft:witch":1,"minecraft:spider":33,"minecraft:skeleton":12,"minecraft:piglin_brute":5,"minecraft:piglin":2,"minecraft:pig":25,"minecraft:iron_golem":2,"minecraft:creeper":8,"minecraft:sheep":50,"minecraft:trader_llama":3,"minecraft:pillager":1,"minecraft:zombie":38,"minecraft:cow":23,"minecraft:drowned":20,"minecraft:wandering_trader":1,"minecraft:hoglin":7,"minecraft:enderman":4},"minecraft:picked_up":{"minecraft:iron_chestplate":6,"minecraft:wheat":296,"minecraft:lead":77,"minecraft:potion":5,"minecraft:enchanted_book":3,"minecraft:gilded_blackstone":1,"minecraft:brewing_stand":4,"minecraft:string":50,"minecraft:raw_copper":50,"minecraft:cooked_salmon":8,"minecraft:iron_leggings":7,"minecraft:gold_nugget":9,"minecraft:cobbled_deepslate":11,"minecraft:bucket":9,"minecraft:iron_pickaxe":7,"minecraft:coal_block":46,"minecraft:furnace":3,"minecraft:golden_helmet":6,"minecraft:stick":91,"minecraft:composter":3,"minecraft:oak_fence":11,"minecraft:torch":197,"minecraft:bamboo_slab":52,"minecraft:porkchop":61,"minecraft:pointed_dripstone":5,"minecraft:golden_chestplate":2,"minecraft:cauldron":2,"minecraft:bamboo_block":55,"minecraft:rotten_flesh":92,"minecraft:cobblestone":1396,"minecraft:nautilus_shell":3,"minecraft:cooked_beef":8,"minecraft:jungle_log":153,"minecraft:water_bucket":5,"minecraft:andesite":33,"minecraft:golden_leggings":1,"minecraft:smoker":11,"minecraft:flint":4,"minecraft:lapis_lazuli":64,"minecraft:dirt":2551,"minecraft:glass":167,"minecraft:bone":69,"minecraft:stonecutter":6,"minecraft:wheat_seeds":41,"minecraft:raw_gold":1,"minecraft:bell":45,"minecraft:fletching_table":2,"minecraft:bamboo":2389,"minecraft:oak_planks":238,"minecraft:cooked_porkchop":85,"minecraft:jungle_planks":22,"minecraft:bamboo_raft":2,"minecraft:sand":773,"minecraft:iron_hoe":7,"minecraft:sugar":1,"minecraft:diamond":14,"minecraft:cracked_polished_blackstone_bricks":18,"minecraft:golden_apple":2,"minecraft:emerald":44,"minecraft:bread":145,"minecraft:oak_sapling":4,"minecraft:cocoa_beans":156,"minecraft:crafting_table":31,"minecraft:azure_bluet":118,"minecraft:ladder":40,"minecraft:golden_pickaxe":3,"minecraft:gold_block":14,"minecraft:shield":1,"minecraft:iron_axe":10,"minecraft:wooden_sword":1,"minecraft:flint_and_steel":2,"minecraft:iron_shovel":7,"minecraft:blackstone":44,"minecraft:cartography_table":3,"minecraft:beef":50,"minecraft:oak_boat":34,"minecraft:jungle_sapling":50,"minecraft:iron_nugget":2,"minecraft:poppy":1,"minecraft:light_gray_wool":2,"minecraft:chest":8,"minecraft:sugar_cane":539,"minecraft:egg":3,"minecraft:raw_iron":139,"minecraft:sandstone":183,"minecraft:stone":15,"minecraft:oak_door":1,"minecraft:copper_ingot":1,"minecraft:polished_blackstone_bricks":29,"minecraft:carrot":142,"minecraft:redstone":28,"minecraft:prismarine_crystals":6,"minecraft:tnt":4,"minecraft:stone_shovel":2,"minecraft:arrow":21,"minecraft:cooked_cod":8,"minecraft:golden_hoe":3,"minecraft:shears":8,"minecraft:hay_block":119,"minecraft:gold_ingot":12,"minecraft:mutton":112,"minecraft:rail":64,"minecraft:white_wool":290,"minecraft:basalt":1,"minecraft:glow_ink_sac":18,"minecraft:leather":55,"minecraft:filled_map":2,"minecraft:oak_log":137,"minecraft:golden_boots":8,"minecraft:yellow_bed":35,"minecraft:gunpowder":9,"minecraft:cooked_mutton":141,"minecraft:coast_armor_trim_smithing_template":6,"minecraft:apple":20,"minecraft:stone_bricks":74,"minecraft:stone_pickaxe":3,"minecraft:heart_of_the_sea":5,"minecraft:iron_ingot":46,"minecraft:glass_bottle":4,"minecraft:iron_sword":14,"minecraft:soul_sand":5,"minecraft:scaffolding":746,"minecraft:bamboo_planks":352,"minecraft:stone_brick_slab":23,"minecraft:dandelion":41,"minecraft:gravel":47,"minecraft:spruce_sapling":24,"minecraft:blast_furnace":1,"minecraft:white_bed":106,"minecraft:spider_eye":27,"minecraft:leather_helmet":1,"minecraft:stone_axe":4,"minecraft:gray_wool":2,"minecraft:warped_roots":5,"minecraft:coal":804,"minecraft:ender_pearl":3},"minecraft:mined":{"minecraft:dark_oak_planks":1,"minecraft:white_bed":86,"minecraft:farmland":2,"minecraft:jungle_leaves":863,"minecraft:brewing_stand":2,"minecraft:chiseled_polished_blackstone":3,"minecraft:grass_block":1126,"minecraft:jungle_log":114,"minecraft:cracked_polished_blackstone_bricks":23,"minecraft:bamboo_block":2,"minecraft:composter":2,"minecraft:gilded_blackstone":4,"minecraft:polished_blackstone_bricks":44,"minecraft:tall_seagrass":1,"minecraft:iron_ore":88,"minecraft:fire":3,"minecraft:deepslate_lapis_ore":5,"minecraft:fletching_table":1,"minecraft:azure_bluet":47,"minecraft:pointed_dripstone":4,"minecraft:flowering_azalea_leaves":2,"minecraft:dirt_path":7,"minecraft:bamboo_slab":3,"minecraft:blackstone":48,"minecraft:kelp_plant":1,"minecraft:smoker":7,"minecraft:torch":3,"minecraft:blast_furnace":1,"minecraft:chest":6,"minecraft:cobblestone":12,"minecraft:sugar_cane":57,"minecraft:wall_torch":2,"minecraft:cauldron":1,"minecraft:bamboo_planks":13,"minecraft:nether_wart_block":2,"minecraft:oak_log":63,"minecraft:sand":284,"minecraft:dirt":397,"minecraft:stonecutter":4,"minecraft:deepslate":7,"minecraft:oak_leaves":31,"minecraft:deepslate_diamond_ore":4,"minecraft:blackstone_wall":1,"minecraft:oak_door":1,"minecraft:spruce_leaves":194,"minecraft:cartography_table":1,"minecraft:sandstone":62,"minecraft:hay_block":80,"minecraft:redstone_ore":5,"minecraft:furnace":3,"minecraft:carrots":38,"minecraft:suspicious_sand":1,"minecraft:andesite":33,"minecraft:gold_block":11,"minecraft:bell":44,"minecraft:deepslate_iron_ore":35,"minecraft:vine":6,"minecraft:bamboo":270,"minecraft:stone":1061,"minecraft:scaffolding":5,"minecraft:soul_sand":5,"minecraft:basalt":3,"minecraft:stone_brick_slab":5,"minecraft:dandelion":32,"minecraft:oak_fence":2,"minecraft:crafting_table":24,"minecraft:short_grass":240,"minecraft:emerald_ore":1,"minecraft:copper_ore":13,"minecraft:tall_grass":22,"minecraft:lapis_ore":5,"minecraft:yellow_bed":20,"minecraft:coal_ore":317,"minecraft:cocoa":15,"minecraft:gravel":19,"minecraft:stone_bricks":11,"minecraft:gold_ore":1,"minecraft:fern":1}},"DataVersion":3953}