{"stats":{"minecraft:crafted":{"minecraft:cooked_beef":19,"minecraft:oak_planks":32,"minecraft:stone_shovel":2,"minecraft:cooked_porkchop":29,"minecraft:iron_nugget":36,"minecraft:crafting_table":1,"minecraft:wooden_pickaxe":1,"minecraft:furnace":1,"minecraft:stone_axe":2,"minecraft:cooked_mutton":38,"minecraft:air":0,"minecraft:oak_boat":1,"minecraft:gold_nugget":9,"minecraft:stick":12,"minecraft:iron_ingot":6,"minecraft:stone_pickaxe":2,"minecraft:white_bed":1,"minecraft:shears":1,"minecraft:smoker":1},"minecraft:used":{"minecraft:stone_pickaxe":155,"minecraft:stone_shovel":177,"minecraft:wooden_pickaxe":12,"minecraft:iron_sword":31,"minecraft:crafting_table":11,"minecraft:white_bed":8,"minecraft:smoker":3,"minecraft:golden_helmet":1,"minecraft:stone_axe":137,"minecraft:cobblestone":5,"minecraft:cooked_porkchop":14,"minecraft:oak_boat":3,"minecraft:egg":2,"minecraft:golden_pickaxe":2},"minecraft:custom":{"minecraft:mob_kills":61,"minecraft:interact_with_crafting_table":15,"minecraft:leave_game":2,"minecraft:time_since_death":68490,"minecraft:sleep_in_bed":9,"minecraft:time_since_rest":803,"minecraft:sprint_one_cm":201871,"minecraft:damage_taken":1647,"minecraft:walk_one_cm":88651,"minecraft:drop":11,"minecraft:damage_dealt":6925,"minecraft:swim_one_cm":122662,"minecraft:fly_one_cm":253952,"minecraft:open_chest":25,"minecraft:crouch_one_cm":2738,"minecraft:play_time":116795,"minecraft:sneak_time":2603,"minecraft:deaths":2,"minecraft:walk_under_water_one_cm":42002,"minecraft:boat_one_cm":191085,"minecraft:jump":1298,"minecraft:walk_on_water_one_cm":14717,"minecraft:interact_with_smoker":9,"minecraft:total_world_time":116795,"minecraft:fall_one_cm":36895},"minecraft:broken":{"minecraft:stone_pickaxe":1,"minecraft:stone_axe":1,"minecraft:stone_shovel":1},"minecraft:dropped":{"minecraft:iron_nugget":6,"minecraft:filled_map":3,"minecraft:cooked_cod":4,"minecraft:oak_sapling":3,"minecraft:sandstone":61,"minecraft:wooden_pickaxe":1,"minecraft:egg":1},"minecraft:killed_by":{"minecraft:skeleton":1},"minecraft:killed":{"minecraft:pig":13,"minecraft:spider":1,"minecraft:sheep":21,"minecraft:skeleton":1,"minecraft:zombie":3,"minecraft:drowned":12,"minecraft:cow":10},"minecraft:picked_up":{"minecraft:nautilus_shell":3,"minecraft:crafting_table":13,"minecraft:wheat":68,"minecraft:leather":20,"minecraft:smoker":5,"minecraft:enchanted_book":2,"minecraft:flint":3,"minecraft:oak_log":127,"minecraft:cooked_salmon":8,"minecraft:bone":2,"minecraft:heart_of_the_sea":2,"minecraft:iron_ingot":6,"minecraft:beef":29,"minecraft:stone_pickaxe":2,"minecraft:oak_boat":5,"minecraft:sugar_cane":17,"minecraft:oak_planks":22,"minecraft:iron_sword":2,"minecraft:egg":3,"minecraft:golden_helmet":2,"minecraft:stick":2,"minecraft:sandstone":183,"minecraft:cooked_porkchop":36,"minecraft:porkchop":29,"minecraft:sand":465,"minecraft:white_bed":9,"minecraft:prismarine_crystals":6,"minecraft:tnt":4,"minecraft:cooked_cod":8,"minecraft:rotten_flesh":43,"minecraft:stone_shovel":2,"minecraft:diamond":4,"minecraft:stone_axe":2,"minecraft:gold_ingot":2,"minecraft:oak_sapling":3,"minecraft:mutton":70,"minecraft:coal":168,"minecraft:white_wool":50,"minecraft:cobblestone":158},"minecraft:mined":{"minecraft:white_bed":8,"minecraft:smoker":3,"minecraft:crafting_table":11,"minecraft:short_grass":7,"minecraft:tall_grass":2,"minecraft:sugar_cane":6,"minecraft:sandstone":62,"minecraft:tall_seagrass":1,"minecraft:oak_log":53,"minecraft:coal_ore":19,"minecraft:gravel":1,"minecraft:sand":177,"minecraft:stone":71,"minecraft:oak_leaves":2}},"DataVersion":3953}