{"stats":{"minecraft:crafted":{"minecraft:oak_planks":32,"minecraft:stone_shovel":2,"minecraft:cooked_porkchop":29,"minecraft:crafting_table":1,"minecraft:wooden_pickaxe":1,"minecraft:furnace":1,"minecraft:stone_axe":2,"minecraft:air":0,"minecraft:oak_boat":1,"minecraft:gold_nugget":9,"minecraft:stick":12,"minecraft:stone_pickaxe":2,"minecraft:white_bed":1,"minecraft:shears":1,"minecraft:smoker":1},"minecraft:used":{"minecraft:stone_pickaxe":155,"minecraft:stone_shovel":172,"minecraft:wooden_pickaxe":12,"minecraft:iron_sword":18,"minecraft:crafting_table":10,"minecraft:white_bed":7,"minecraft:smoker":3,"minecraft:golden_helmet":1,"minecraft:stone_axe":135,"minecraft:cooked_porkchop":11,"minecraft:oak_boat":2,"minecraft:egg":2},"minecraft:custom":{"minecraft:mob_kills":59,"minecraft:interact_with_crafting_table":13,"minecraft:time_since_death":40067,"minecraft:leave_game":1,"minecraft:sleep_in_bed":6,"minecraft:time_since_rest":1392,"minecraft:sprint_one_cm":180649,"minecraft:damage_taken":1320,"minecraft:walk_one_cm":70451,"minecraft:drop":8,"minecraft:damage_dealt":6524,"minecraft:swim_one_cm":63892,"minecraft:fly_one_cm":221382,"minecraft:open_chest":14,"minecraft:crouch_one_cm":2612,"minecraft:play_time":88372,"minecraft:deaths":2,"minecraft:sneak_time":2444,"minecraft:walk_under_water_one_cm":33896,"minecraft:boat_one_cm":65049,"minecraft:jump":1121,"minecraft:walk_on_water_one_cm":10558,"minecraft:total_world_time":88372,"minecraft:interact_with_smoker":7,"minecraft:fall_one_cm":33445},"minecraft:broken":{"minecraft:stone_pickaxe":1,"minecraft:stone_axe":1,"minecraft:stone_shovel":1},"minecraft:dropped":{"minecraft:filled_map":2,"minecraft:oak_sapling":3,"minecraft:sandstone":61,"minecraft:wooden_pickaxe":1,"minecraft:egg":1},"minecraft:killed_by":{"minecraft:skeleton":1},"minecraft:killed":{"minecraft:pig":13,"minecraft:spider":1,"minecraft:sheep":21,"minecraft:skeleton":1,"minecraft:zombie":1,"minecraft:drowned":12,"minecraft:cow":10},"minecraft:picked_up":{"minecraft:nautilus_shell":3,"minecraft:crafting_table":11,"minecraft:wheat":68,"minecraft:leather":20,"minecraft:smoker":4,"minecraft:enchanted_book":2,"minecraft:flint":3,"minecraft:oak_log":127,"minecraft:cooked_salmon":8,"minecraft:bone":2,"minecraft:heart_of_the_sea":2,"minecraft:iron_ingot":6,"minecraft:beef":29,"minecraft:stone_pickaxe":2,"minecraft:oak_boat":4,"minecraft:oak_planks":22,"minecraft:iron_sword":2,"minecraft:egg":3,"minecraft:golden_helmet":2,"minecraft:stick":2,"minecraft:sandstone":183,"minecraft:cooked_porkchop":36,"minecraft:porkchop":29,"minecraft:sand":465,"minecraft:white_bed":7,"minecraft:prismarine_crystals":6,"minecraft:tnt":4,"minecraft:rotten_flesh":43,"minecraft:stone_shovel":2,"minecraft:cooked_cod":8,"minecraft:diamond":4,"minecraft:stone_axe":2,"minecraft:gold_ingot":2,"minecraft:oak_sapling":3,"minecraft:mutton":70,"minecraft:coal":115,"minecraft:cobblestone":158,"minecraft:white_wool":50},"minecraft:mined":{"minecraft:white_bed":6,"minecraft:smoker":2,"minecraft:crafting_table":9,"minecraft:short_grass":6,"minecraft:tall_grass":2,"minecraft:sandstone":62,"minecraft:tall_seagrass":1,"minecraft:oak_log":53,"minecraft:coal_ore":19,"minecraft:gravel":1,"minecraft:sand":172,"minecraft:stone":71,"minecraft:oak_leaves":2}},"DataVersion":3953}