{"stats":{"minecraft:crafted":{"minecraft:cooked_beef":19,"minecraft:oak_planks":32,"minecraft:stone_shovel":2,"minecraft:cooked_porkchop":29,"minecraft:iron_nugget":36,"minecraft:crafting_table":1,"minecraft:wooden_pickaxe":1,"minecraft:furnace":1,"minecraft:stone_axe":2,"minecraft:cooked_mutton":38,"minecraft:air":0,"minecraft:oak_boat":1,"minecraft:gold_nugget":45,"minecraft:stick":12,"minecraft:iron_ingot":6,"minecraft:stone_pickaxe":2,"minecraft:gold_ingot":7,"minecraft:white_bed":1,"minecraft:shears":1,"minecraft:smoker":1},"minecraft:used":{"minecraft:stone_pickaxe":157,"minecraft:stone_shovel":177,"minecraft:wooden_pickaxe":12,"minecraft:iron_sword":62,"minecraft:cooked_salmon":10,"minecraft:dirt":2,"minecraft:crafting_table":12,"minecraft:white_bed":9,"minecraft:smoker":3,"minecraft:golden_helmet":1,"minecraft:stone_axe":138,"minecraft:cobblestone":5,"minecraft:cooked_porkchop":14,"minecraft:oak_boat":3,"minecraft:egg":2,"minecraft:golden_pickaxe":11},"minecraft:custom":{"minecraft:mob_kills":61,"minecraft:interact_with_crafting_table":16,"minecraft:leave_game":2,"minecraft:time_since_death":92490,"minecraft:sleep_in_bed":10,"minecraft:climb_one_cm":746,"minecraft:time_since_rest":11793,"minecraft:sprint_one_cm":309519,"minecraft:damage_taken":1884,"minecraft:walk_one_cm":110635,"minecraft:drop":20,"minecraft:damage_dealt":6925,"minecraft:swim_one_cm":150265,"minecraft:fly_one_cm":515609,"minecraft:open_chest":29,"minecraft:crouch_one_cm":3837,"minecraft:play_time":140795,"minecraft:sneak_time":2943,"minecraft:deaths":2,"minecraft:walk_under_water_one_cm":43626,"minecraft:boat_one_cm":191085,"minecraft:jump":2396,"minecraft:walk_on_water_one_cm":20694,"minecraft:interact_with_smoker":9,"minecraft:total_world_time":140795,"minecraft:fall_one_cm":72269},"minecraft:broken":{"minecraft:stone_pickaxe":1,"minecraft:stone_axe":1,"minecraft:stone_shovel":1},"minecraft:dropped":{"minecraft:iron_sword":1,"minecraft:golden_helmet":2,"minecraft:iron_nugget":6,"minecraft:stone_shovel":1,"minecraft:white_bed":1,"minecraft:filled_map":3,"minecraft:cooked_cod":4,"minecraft:oak_sapling":3,"minecraft:sand":64,"minecraft:stone_pickaxe":1,"minecraft:gold_nugget":6,"minecraft:sandstone":61,"minecraft:wooden_pickaxe":1,"minecraft:egg":1},"minecraft:killed_by":{"minecraft:skeleton":1},"minecraft:killed":{"minecraft:pig":13,"minecraft:spider":1,"minecraft:sheep":21,"minecraft:skeleton":1,"minecraft:zombie":3,"minecraft:drowned":12,"minecraft:cow":10},"minecraft:picked_up":{"minecraft:nautilus_shell":3,"minecraft:crafting_table":14,"minecraft:wheat":68,"minecraft:leather":20,"minecraft:smoker":5,"minecraft:enchanted_book":2,"minecraft:flint":3,"minecraft:oak_log":127,"minecraft:dirt":2,"minecraft:cooked_salmon":8,"minecraft:bone":2,"minecraft:gold_nugget":3,"minecraft:heart_of_the_sea":2,"minecraft:iron_ingot":6,"minecraft:beef":29,"minecraft:stone_pickaxe":2,"minecraft:oak_boat":5,"minecraft:bamboo":191,"minecraft:sugar_cane":45,"minecraft:oak_planks":22,"minecraft:iron_sword":3,"minecraft:egg":3,"minecraft:golden_helmet":4,"minecraft:stick":2,"minecraft:sandstone":183,"minecraft:cooked_porkchop":36,"minecraft:porkchop":29,"minecraft:sand":465,"minecraft:white_bed":11,"minecraft:prismarine_crystals":6,"minecraft:tnt":4,"minecraft:cooked_cod":8,"minecraft:rotten_flesh":43,"minecraft:stone_shovel":2,"minecraft:diamond":4,"minecraft:stone_axe":2,"minecraft:gold_ingot":2,"minecraft:oak_sapling":3,"minecraft:mutton":70,"minecraft:coal":177,"minecraft:white_wool":50,"minecraft:cobblestone":160},"minecraft:mined":{"minecraft:white_bed":9,"minecraft:smoker":3,"minecraft:crafting_table":12,"minecraft:short_grass":8,"minecraft:grass_block":2,"minecraft:tall_grass":2,"minecraft:sugar_cane":20,"minecraft:sandstone":62,"minecraft:tall_seagrass":1,"minecraft:oak_log":53,"minecraft:coal_ore":28,"minecraft:gravel":1,"minecraft:sand":177,"minecraft:bamboo":23,"minecraft:stone":73,"minecraft:oak_leaves":2}},"DataVersion":3953}