{"stats":{"minecraft:killed":{"minecraft:spider":32,"minecraft:skeleton":7,"minecraft:drowned":20,"minecraft:pig":25,"minecraft:iron_golem":2,"minecraft:wandering_trader":1,"minecraft:creeper":7,"minecraft:sheep":50,"minecraft:trader_llama":1,"minecraft:pillager":1,"minecraft:zombie":29,"minecraft:cow":23},"minecraft:picked_up":{"minecraft:iron_chestplate":2,"minecraft:cocoa_beans":117,"minecraft:crafting_table":19,"minecraft:wheat":128,"minecraft:azure_bluet":116,"minecraft:ladder":10,"minecraft:lead":63,"minecraft:gold_block":1,"minecraft:enchanted_book":2,"minecraft:brewing_stand":4,"minecraft:string":40,"minecraft:iron_axe":2,"minecraft:cooked_salmon":8,"minecraft:flint_and_steel":1,"minecraft:iron_leggings":2,"minecraft:iron_shovel":3,"minecraft:cartography_table":1,"minecraft:gold_nugget":3,"minecraft:beef":50,"minecraft:oak_boat":28,"minecraft:jungle_sapling":34,"minecraft:poppy":1,"minecraft:iron_pickaxe":3,"minecraft:light_gray_wool":2,"minecraft:sugar_cane":269,"minecraft:chest":2,"minecraft:egg":3,"minecraft:golden_helmet":6,"minecraft:stick":44,"minecraft:sandstone":183,"minecraft:oak_door":1,"minecraft:composter":2,"minecraft:copper_ingot":1,"minecraft:torch":59,"minecraft:porkchop":53,"minecraft:carrot":61,"minecraft:prismarine_crystals":6,"minecraft:golden_chestplate":1,"minecraft:bamboo_block":2,"minecraft:tnt":4,"minecraft:arrow":10,"minecraft:stone_shovel":2,"minecraft:rotten_flesh":68,"minecraft:cooked_cod":8,"minecraft:golden_hoe":1,"minecraft:shears":5,"minecraft:hay_block":119,"minecraft:gold_ingot":2,"minecraft:mutton":112,"minecraft:rail":32,"minecraft:white_wool":183,"minecraft:cobblestone":403,"minecraft:nautilus_shell":3,"minecraft:cooked_beef":8,"minecraft:water_bucket":3,"minecraft:leather":32,"minecraft:golden_leggings":1,"minecraft:smoker":11,"minecraft:filled_map":2,"minecraft:flint":3,"minecraft:oak_log":137,"minecraft:golden_boots":3,"minecraft:yellow_bed":27,"minecraft:gunpowder":5,"minecraft:dirt":1837,"minecraft:cooked_mutton":50,"minecraft:glass":39,"minecraft:bone":54,"minecraft:apple":10,"minecraft:stone_bricks":26,"minecraft:wheat_seeds":41,"minecraft:bell":44,"minecraft:heart_of_the_sea":2,"minecraft:iron_ingot":33,"minecraft:stone_pickaxe":2,"minecraft:fletching_table":1,"minecraft:bamboo":1436,"minecraft:iron_sword":8,"minecraft:oak_planks":214,"minecraft:scaffolding":178,"minecraft:cooked_porkchop":85,"minecraft:bamboo_planks":61,"minecraft:dandelion":41,"minecraft:gravel":12,"minecraft:sand":773,"minecraft:bamboo_raft":2,"minecraft:spruce_sapling":8,"minecraft:blast_furnace":1,"minecraft:white_bed":99,"minecraft:spider_eye":18,"minecraft:iron_hoe":3,"minecraft:diamond":4,"minecraft:stone_axe":3,"minecraft:golden_apple":2,"minecraft:gray_wool":2,"minecraft:bread":9,"minecraft:oak_sapling":4,"minecraft:coal":469},"minecraft:used":{"minecraft:iron_shovel":1464,"minecraft:stone_shovel":177,"minecraft:ladder":8,"minecraft:chest":7,"minecraft:iron_sword":420,"minecraft:bell":44,"minecraft:cooked_salmon":10,"minecraft:stone_hoe":131,"minecraft:oak_door":3,"minecraft:torch":6,"minecraft:dirt":1298,"minecraft:jungle_sapling":8,"minecraft:iron_hoe":1044,"minecraft:bamboo_raft":3,"minecraft:iron_axe":141,"minecraft:stone_bricks":56,"minecraft:bamboo":72,"minecraft:scaffolding":66,"minecraft:hay_block":9,"minecraft:furnace":5,"minecraft:egg":2,"minecraft:cooked_beef":39,"minecraft:bamboo_planks":46,"minecraft:cooked_mutton":29,"minecraft:water_bucket":24,"minecraft:stone_pickaxe":157,"minecraft:wooden_pickaxe":12,"minecraft:composter":1,"minecraft:stonecutter":1,"minecraft:sand":5,"minecraft:crafting_table":31,"minecraft:bamboo_block":2,"minecraft:white_bed":81,"minecraft:smoker":9,"minecraft:bread":21,"minecraft:iron_pickaxe":263,"minecraft:golden_helmet":1,"minecraft:stone_axe":229,"minecraft:cobblestone":16,"minecraft:cooked_porkchop":31,"minecraft:bucket":25,"minecraft:yellow_bed":15,"minecraft:oak_boat":28,"minecraft:golden_pickaxe":181},"minecraft:crafted":{"minecraft:oak_door":3,"minecraft:oak_planks":220,"minecraft:stone_shovel":2,"minecraft:iron_nugget":36,"minecraft:furnace":6,"minecraft:stone":63,"minecraft:bone_meal":3,"minecraft:cooked_mutton":76,"minecraft:scaffolding":150,"minecraft:bamboo_block":105,"minecraft:glass":39,"minecraft:iron_axe":1,"minecraft:ladder":18,"minecraft:iron_hoe":5,"minecraft:stone_pickaxe":2,"minecraft:chest":6,"minecraft:rail":32,"minecraft:stone_hoe":1,"minecraft:smoker":1,"minecraft:bamboo_raft":3,"minecraft:cooked_beef":39,"minecraft:coal_block":16,"minecraft:cooked_porkchop":53,"minecraft:crafting_table":19,"minecraft:wooden_pickaxe":1,"minecraft:iron_sword":2,"minecraft:bucket":1,"minecraft:stone_axe":2,"minecraft:air":0,"minecraft:oak_boat":7,"minecraft:bamboo_planks":210,"minecraft:iron_chestplate":1,"minecraft:gold_nugget":45,"minecraft:white_dye":3,"minecraft:stick":91,"minecraft:iron_ingot":10,"minecraft:iron_pickaxe":2,"minecraft:iron_leggings":1,"minecraft:iron_shovel":6,"minecraft:gold_ingot":8,"minecraft:stonecutter":1,"minecraft:light_gray_dye":1,"minecraft:white_bed":3,"minecraft:torch":32,"minecraft:shears":1},"minecraft:mined":{"minecraft:dark_oak_planks":1,"minecraft:white_bed":82,"minecraft:oak_door":1,"minecraft:jungle_leaves":854,"minecraft:brewing_stand":2,"minecraft:grass_block":1112,"minecraft:bamboo_block":2,"minecraft:spruce_leaves":194,"minecraft:composter":2,"minecraft:cartography_table":1,"minecraft:sandstone":62,"minecraft:hay_block":80,"minecraft:tall_seagrass":1,"minecraft:carrots":15,"minecraft:fire":2,"minecraft:suspicious_sand":1,"minecraft:fletching_table":1,"minecraft:azure_bluet":46,"minecraft:gold_block":1,"minecraft:bell":44,"minecraft:flowering_azalea_leaves":2,"minecraft:dirt_path":7,"minecraft:vine":3,"minecraft:bamboo":190,"minecraft:stone":258,"minecraft:scaffolding":3,"minecraft:kelp_plant":1,"minecraft:smoker":7,"minecraft:dandelion":32,"minecraft:crafting_table":14,"minecraft:short_grass":240,"minecraft:blast_furnace":1,"minecraft:tall_grass":22,"minecraft:cobblestone":1,"minecraft:sugar_cane":57,"minecraft:bamboo_planks":1,"minecraft:yellow_bed":19,"minecraft:coal_ore":192,"minecraft:oak_log":63,"minecraft:cocoa":15,"minecraft:sand":284,"minecraft:gravel":7,"minecraft:dirt":364,"minecraft:stone_bricks":11,"minecraft:oak_leaves":31,"minecraft:fern":1},"minecraft:broken":{"minecraft:golden_helmet":1,"minecraft:iron_shovel":5,"minecraft:stone_hoe":1,"minecraft:stone_pickaxe":1,"minecraft:stone_axe":2,"minecraft:iron_sword":2,"minecraft:iron_pickaxe":1,"minecraft:stone_shovel":1,"minecraft:iron_hoe":4},"minecraft:killed_by":{"minecraft:skeleton":3},"minecraft:dropped":{"minecraft:bread":5,"minecraft:iron_sword":3,"minecraft:wheat_seeds":37,"minecraft:golden_helmet":3,"minecraft:crafting_table":2,"minecraft:prismarine_crystals":3,"minecraft:copper_ingot":1,"minecraft:dirt":2,"minecraft:gray_wool":2,"minecraft:mutton":4,"minecraft:cooked_cod":4,"minecraft:cooked_salmon":2,"minecraft:gold_nugget":7,"minecraft:sand":284,"minecraft:white_wool":20,"minecraft:dandelion":40,"minecraft:oak_door":1,"minecraft:stone_axe":1,"minecraft:iron_nugget":7,"minecraft:cocoa_beans":39,"minecraft:stone_shovel":1,"minecraft:rotten_flesh":25,"minecraft:light_gray_wool":2,"minecraft:oak_planks":96,"minecraft:azure_bluet":104,"minecraft:white_bed":5,"minecraft:shears":1,"minecraft:filled_map":6,"minecraft:poppy":1,"minecraft:bamboo_raft":2,"minecraft:gunpowder":1,"minecraft:yellow_bed":4,"minecraft:oak_sapling":4,"minecraft:sandstone":61,"minecraft:arrow":5,"minecraft:beef":1,"minecraft:stone_pickaxe":1,"minecraft:wooden_pickaxe":1,"minecraft:egg":1},"minecraft:custom":{"minecraft:mob_kills":206,"minecraft:interact_with_crafting_table":84,"minecraft:bell_ring":618,"minecraft:leave_game":7,"minecraft:time_since_death":4742,"minecraft:climb_one_cm":37413,"minecraft:sprint_one_cm":1423080,"minecraft:walk_one_cm":1009690,"minecraft:drop":136,"minecraft:talked_to_villager":30,"minecraft:play_time":629990,"minecraft:sneak_time":19514,"minecraft:deaths":5,"minecraft:walk_under_water_one_cm":107074,"minecraft:boat_one_cm":622815,"minecraft:jump":12653,"minecraft:walk_on_water_one_cm":82565,"minecraft:total_world_time":629990,"minecraft:interact_with_furnace":20,"minecraft:interact_with_stonecutter":1,"minecraft:sleep_in_bed":40,"minecraft:time_since_rest":717,"minecraft:damage_taken":8077,"minecraft:damage_dealt":29816,"minecraft:swim_one_cm":370824,"minecraft:fly_one_cm":2395775,"minecraft:open_chest":373,"minecraft:crouch_one_cm":61380,"minecraft:interact_with_smoker":25,"minecraft:fall_one_cm":345389,"minecraft:horse_one_cm":293}},"DataVersion":3953}