{"stats":{"minecraft:crafted":{"minecraft:oak_door":3,"minecraft:oak_planks":180,"minecraft:stone_shovel":2,"minecraft:iron_nugget":36,"minecraft:furnace":1,"minecraft:cooked_mutton":38,"minecraft:iron_hoe":4,"minecraft:stone_pickaxe":2,"minecraft:chest":4,"minecraft:stone_hoe":1,"minecraft:smoker":1,"minecraft:cooked_beef":19,"minecraft:coal_block":16,"minecraft:cooked_porkchop":29,"minecraft:crafting_table":12,"minecraft:wooden_pickaxe":1,"minecraft:stone_axe":2,"minecraft:air":0,"minecraft:oak_boat":2,"minecraft:gold_nugget":45,"minecraft:stick":28,"minecraft:iron_ingot":10,"minecraft:iron_pickaxe":1,"minecraft:iron_shovel":1,"minecraft:gold_ingot":8,"minecraft:white_bed":1,"minecraft:shears":1},"minecraft:used":{"minecraft:iron_shovel":28,"minecraft:stone_shovel":177,"minecraft:chest":4,"minecraft:iron_sword":129,"minecraft:bell":2,"minecraft:cooked_salmon":10,"minecraft:stone_hoe":131,"minecraft:oak_door":3,"minecraft:dirt":5,"minecraft:iron_hoe":822,"minecraft:hay_block":9,"minecraft:egg":2,"minecraft:cooked_beef":7,"minecraft:cooked_mutton":16,"minecraft:stone_pickaxe":157,"minecraft:wooden_pickaxe":12,"minecraft:sand":5,"minecraft:crafting_table":22,"minecraft:white_bed":17,"minecraft:smoker":4,"minecraft:bread":3,"minecraft:iron_pickaxe":2,"minecraft:golden_helmet":1,"minecraft:stone_axe":178,"minecraft:cobblestone":9,"minecraft:cooked_porkchop":14,"minecraft:oak_boat":5,"minecraft:golden_pickaxe":181},"minecraft:custom":{"minecraft:mob_kills":78,"minecraft:interact_with_crafting_table":37,"minecraft:bell_ring":93,"minecraft:leave_game":3,"minecraft:time_since_death":198462,"minecraft:climb_one_cm":11953,"minecraft:sprint_one_cm":585385,"minecraft:walk_one_cm":227542,"minecraft:drop":48,"minecraft:talked_to_villager":1,"minecraft:play_time":246767,"minecraft:deaths":2,"minecraft:sneak_time":9404,"minecraft:walk_under_water_one_cm":89687,"minecraft:boat_one_cm":589551,"minecraft:jump":4587,"minecraft:walk_on_water_one_cm":35172,"minecraft:total_world_time":246767,"minecraft:sleep_in_bed":16,"minecraft:time_since_rest":13138,"minecraft:damage_taken":3031,"minecraft:damage_dealt":11679,"minecraft:swim_one_cm":318147,"minecraft:fly_one_cm":1010584,"minecraft:open_chest":104,"minecraft:crouch_one_cm":16703,"minecraft:interact_with_smoker":10,"minecraft:fall_one_cm":134053},"minecraft:broken":{"minecraft:stone_hoe":1,"minecraft:stone_pickaxe":1,"minecraft:stone_axe":1,"minecraft:stone_shovel":1,"minecraft:iron_hoe":3},"minecraft:dropped":{"minecraft:iron_sword":1,"minecraft:wheat_seeds":3,"minecraft:golden_helmet":2,"minecraft:crafting_table":2,"minecraft:prismarine_crystals":3,"minecraft:cooked_cod":4,"minecraft:cooked_salmon":2,"minecraft:gold_nugget":7,"minecraft:sand":284,"minecraft:dandelion":1,"minecraft:oak_door":1,"minecraft:iron_nugget":7,"minecraft:stone_shovel":1,"minecraft:oak_planks":96,"minecraft:azure_bluet":15,"minecraft:white_bed":1,"minecraft:shears":1,"minecraft:filled_map":6,"minecraft:poppy":1,"minecraft:oak_sapling":3,"minecraft:sandstone":61,"minecraft:wooden_pickaxe":1,"minecraft:stone_pickaxe":1,"minecraft:egg":1},"minecraft:killed_by":{"minecraft:skeleton":1},"minecraft:killed":{"minecraft:spider":6,"minecraft:skeleton":2,"minecraft:drowned":18,"minecraft:pig":13,"minecraft:iron_golem":2,"minecraft:creeper":1,"minecraft:sheep":21,"minecraft:pillager":1,"minecraft:zombie":3,"minecraft:cow":10},"minecraft:picked_up":{"minecraft:cocoa_beans":39,"minecraft:crafting_table":14,"minecraft:wheat":68,"minecraft:azure_bluet":15,"minecraft:enchanted_book":2,"minecraft:string":6,"minecraft:cooked_salmon":8,"minecraft:cartography_table":1,"minecraft:gold_nugget":3,"minecraft:beef":29,"minecraft:oak_boat":6,"minecraft:jungle_sapling":17,"minecraft:poppy":1,"minecraft:sugar_cane":64,"minecraft:egg":3,"minecraft:golden_helmet":4,"minecraft:stick":17,"minecraft:sandstone":183,"minecraft:oak_door":1,"minecraft:composter":2,"minecraft:porkchop":29,"minecraft:carrot":15,"minecraft:prismarine_crystals":6,"minecraft:tnt":4,"minecraft:rotten_flesh":43,"minecraft:stone_shovel":2,"minecraft:cooked_cod":8,"minecraft:shears":2,"minecraft:hay_block":48,"minecraft:gold_ingot":2,"minecraft:mutton":70,"minecraft:cobblestone":179,"minecraft:white_wool":50,"minecraft:nautilus_shell":3,"minecraft:leather":20,"minecraft:smoker":5,"minecraft:filled_map":2,"minecraft:flint":3,"minecraft:oak_log":127,"minecraft:yellow_bed":4,"minecraft:dirt":11,"minecraft:bone":2,"minecraft:wheat_seeds":3,"minecraft:bell":2,"minecraft:heart_of_the_sea":2,"minecraft:iron_ingot":13,"minecraft:stone_pickaxe":2,"minecraft:fletching_table":1,"minecraft:bamboo":191,"minecraft:oak_planks":180,"minecraft:iron_sword":3,"minecraft:cooked_porkchop":36,"minecraft:dandelion":1,"minecraft:sand":709,"minecraft:white_bed":25,"minecraft:diamond":4,"minecraft:stone_axe":2,"minecraft:oak_sapling":3,"minecraft:coal":325},"minecraft:mined":{"minecraft:dark_oak_planks":1,"minecraft:white_bed":23,"minecraft:oak_door":1,"minecraft:jungle_leaves":854,"minecraft:grass_block":8,"minecraft:cartography_table":1,"minecraft:composter":2,"minecraft:sandstone":62,"minecraft:hay_block":48,"minecraft:tall_seagrass":1,"minecraft:carrots":15,"minecraft:fire":2,"minecraft:suspicious_sand":1,"minecraft:fletching_table":1,"minecraft:azure_bluet":15,"minecraft:bell":2,"minecraft:flowering_azalea_leaves":2,"minecraft:vine":3,"minecraft:bamboo":23,"minecraft:stone":93,"minecraft:kelp_plant":1,"minecraft:smoker":3,"minecraft:dandelion":5,"minecraft:crafting_table":12,"minecraft:short_grass":79,"minecraft:tall_grass":7,"minecraft:sugar_cane":28,"minecraft:yellow_bed":4,"minecraft:oak_log":53,"minecraft:coal_ore":177,"minecraft:cocoa":15,"minecraft:gravel":1,"minecraft:sand":284,"minecraft:dirt":26,"minecraft:oak_leaves":27,"minecraft:fern":1}},"DataVersion":3953}