{"stats":{"minecraft:crafted":{"minecraft:oak_door":3,"minecraft:oak_planks":184,"minecraft:stone_shovel":2,"minecraft:iron_nugget":36,"minecraft:furnace":1,"minecraft:cooked_mutton":38,"minecraft:scaffolding":48,"minecraft:iron_hoe":4,"minecraft:stone_pickaxe":2,"minecraft:chest":5,"minecraft:rail":32,"minecraft:stone_hoe":1,"minecraft:smoker":1,"minecraft:cooked_beef":19,"minecraft:coal_block":16,"minecraft:cooked_porkchop":29,"minecraft:crafting_table":19,"minecraft:wooden_pickaxe":1,"minecraft:bucket":1,"minecraft:stone_axe":2,"minecraft:air":0,"minecraft:oak_boat":4,"minecraft:gold_nugget":45,"minecraft:stick":36,"minecraft:iron_ingot":10,"minecraft:iron_pickaxe":1,"minecraft:iron_shovel":4,"minecraft:gold_ingot":8,"minecraft:white_bed":2,"minecraft:shears":1},"minecraft:used":{"minecraft:iron_shovel":899,"minecraft:stone_shovel":177,"minecraft:chest":6,"minecraft:iron_sword":146,"minecraft:bell":33,"minecraft:cooked_salmon":10,"minecraft:stone_hoe":131,"minecraft:oak_door":3,"minecraft:dirt":717,"minecraft:iron_hoe":822,"minecraft:bamboo":4,"minecraft:hay_block":9,"minecraft:scaffolding":24,"minecraft:egg":2,"minecraft:cooked_beef":8,"minecraft:cooked_mutton":16,"minecraft:water_bucket":19,"minecraft:stone_pickaxe":157,"minecraft:wooden_pickaxe":12,"minecraft:composter":1,"minecraft:sand":5,"minecraft:crafting_table":24,"minecraft:white_bed":53,"minecraft:smoker":4,"minecraft:bread":10,"minecraft:iron_pickaxe":45,"minecraft:golden_helmet":1,"minecraft:stone_axe":201,"minecraft:cobblestone":9,"minecraft:cooked_porkchop":24,"minecraft:bucket":20,"minecraft:yellow_bed":2,"minecraft:oak_boat":9,"minecraft:golden_pickaxe":181},"minecraft:custom":{"minecraft:mob_kills":95,"minecraft:interact_with_crafting_table":55,"minecraft:bell_ring":500,"minecraft:leave_game":6,"minecraft:time_since_death":314913,"minecraft:climb_one_cm":15719,"minecraft:sprint_one_cm":762082,"minecraft:walk_one_cm":482502,"minecraft:drop":86,"minecraft:talked_to_villager":5,"minecraft:play_time":363218,"minecraft:sneak_time":10582,"minecraft:deaths":2,"minecraft:walk_under_water_one_cm":89687,"minecraft:boat_one_cm":589619,"minecraft:jump":6080,"minecraft:walk_on_water_one_cm":45139,"minecraft:total_world_time":363218,"minecraft:sleep_in_bed":23,"minecraft:time_since_rest":36411,"minecraft:damage_taken":3945,"minecraft:damage_dealt":14465,"minecraft:swim_one_cm":318147,"minecraft:fly_one_cm":1276025,"minecraft:open_chest":225,"minecraft:crouch_one_cm":21267,"minecraft:interact_with_smoker":11,"minecraft:fall_one_cm":170547},"minecraft:broken":{"minecraft:iron_shovel":3,"minecraft:stone_hoe":1,"minecraft:stone_pickaxe":1,"minecraft:stone_axe":1,"minecraft:stone_shovel":1,"minecraft:iron_hoe":3},"minecraft:dropped":{"minecraft:bread":5,"minecraft:iron_sword":1,"minecraft:wheat_seeds":30,"minecraft:golden_helmet":2,"minecraft:crafting_table":2,"minecraft:prismarine_crystals":3,"minecraft:mutton":4,"minecraft:cooked_cod":4,"minecraft:cooked_salmon":2,"minecraft:gold_nugget":7,"minecraft:sand":284,"minecraft:white_wool":20,"minecraft:dandelion":35,"minecraft:oak_door":1,"minecraft:stone_axe":1,"minecraft:iron_nugget":7,"minecraft:cocoa_beans":39,"minecraft:stone_shovel":1,"minecraft:rotten_flesh":12,"minecraft:oak_planks":96,"minecraft:azure_bluet":74,"minecraft:white_bed":5,"minecraft:shears":1,"minecraft:filled_map":6,"minecraft:poppy":1,"minecraft:yellow_bed":4,"minecraft:oak_sapling":3,"minecraft:sandstone":61,"minecraft:wooden_pickaxe":1,"minecraft:stone_pickaxe":1,"minecraft:arrow":3,"minecraft:egg":1},"minecraft:killed_by":{"minecraft:skeleton":1},"minecraft:killed":{"minecraft:spider":9,"minecraft:skeleton":4,"minecraft:drowned":18,"minecraft:pig":13,"minecraft:iron_golem":2,"minecraft:creeper":5,"minecraft:sheep":22,"minecraft:pillager":1,"minecraft:zombie":10,"minecraft:cow":10},"minecraft:picked_up":{"minecraft:cocoa_beans":117,"minecraft:crafting_table":14,"minecraft:azure_bluet":85,"minecraft:wheat":128,"minecraft:enchanted_book":2,"minecraft:string":8,"minecraft:cooked_salmon":8,"minecraft:cartography_table":1,"minecraft:gold_nugget":3,"minecraft:beef":29,"minecraft:oak_boat":7,"minecraft:jungle_sapling":34,"minecraft:poppy":1,"minecraft:chest":1,"minecraft:sugar_cane":128,"minecraft:egg":3,"minecraft:golden_helmet":4,"minecraft:stick":17,"minecraft:sandstone":183,"minecraft:oak_door":1,"minecraft:composter":2,"minecraft:porkchop":29,"minecraft:carrot":38,"minecraft:prismarine_crystals":6,"minecraft:tnt":4,"minecraft:rotten_flesh":55,"minecraft:arrow":3,"minecraft:stone_shovel":2,"minecraft:cooked_cod":8,"minecraft:shears":2,"minecraft:hay_block":87,"minecraft:gold_ingot":2,"minecraft:mutton":74,"minecraft:white_wool":110,"minecraft:cobblestone":237,"minecraft:nautilus_shell":3,"minecraft:leather":20,"minecraft:smoker":6,"minecraft:filled_map":2,"minecraft:flint":3,"minecraft:oak_log":128,"minecraft:yellow_bed":14,"minecraft:gunpowder":1,"minecraft:dirt":889,"minecraft:bone":8,"minecraft:apple":10,"minecraft:wheat_seeds":33,"minecraft:bell":34,"minecraft:heart_of_the_sea":2,"minecraft:iron_ingot":13,"minecraft:stone_pickaxe":2,"minecraft:fletching_table":1,"minecraft:bamboo":319,"minecraft:iron_sword":3,"minecraft:oak_planks":180,"minecraft:cooked_porkchop":36,"minecraft:dandelion":35,"minecraft:sand":773,"minecraft:white_bed":75,"minecraft:diamond":4,"minecraft:stone_axe":3,"minecraft:golden_apple":2,"minecraft:bread":4,"minecraft:oak_sapling":3,"minecraft:coal":325},"minecraft:mined":{"minecraft:dark_oak_planks":1,"minecraft:white_bed":58,"minecraft:oak_door":1,"minecraft:jungle_leaves":854,"minecraft:grass_block":688,"minecraft:cartography_table":1,"minecraft:composter":2,"minecraft:sandstone":62,"minecraft:hay_block":48,"minecraft:tall_seagrass":1,"minecraft:carrots":15,"minecraft:fire":2,"minecraft:suspicious_sand":1,"minecraft:fletching_table":1,"minecraft:azure_bluet":41,"minecraft:bell":34,"minecraft:vine":3,"minecraft:flowering_azalea_leaves":2,"minecraft:dirt_path":1,"minecraft:bamboo":23,"minecraft:stone":93,"minecraft:kelp_plant":1,"minecraft:smoker":3,"minecraft:dandelion":30,"minecraft:crafting_table":12,"minecraft:short_grass":175,"minecraft:tall_grass":18,"minecraft:sugar_cane":28,"minecraft:yellow_bed":6,"minecraft:oak_log":54,"minecraft:coal_ore":177,"minecraft:cocoa":15,"minecraft:gravel":1,"minecraft:sand":284,"minecraft:dirt":199,"minecraft:oak_leaves":27,"minecraft:fern":1}},"DataVersion":3953}