{"stats":{"minecraft:crafted":{"minecraft:oak_door":3,"minecraft:oak_planks":192,"minecraft:stone_shovel":2,"minecraft:iron_nugget":36,"minecraft:furnace":1,"minecraft:bone_meal":3,"minecraft:cooked_mutton":38,"minecraft:scaffolding":48,"minecraft:iron_hoe":4,"minecraft:stone_pickaxe":2,"minecraft:chest":5,"minecraft:rail":32,"minecraft:stone_hoe":1,"minecraft:smoker":1,"minecraft:cooked_beef":19,"minecraft:coal_block":16,"minecraft:cooked_porkchop":29,"minecraft:crafting_table":19,"minecraft:wooden_pickaxe":1,"minecraft:bucket":1,"minecraft:stone_axe":2,"minecraft:air":0,"minecraft:oak_boat":5,"minecraft:gold_nugget":45,"minecraft:white_dye":3,"minecraft:stick":36,"minecraft:iron_ingot":10,"minecraft:iron_pickaxe":1,"minecraft:iron_shovel":4,"minecraft:gold_ingot":8,"minecraft:light_gray_dye":1,"minecraft:white_bed":3,"minecraft:shears":1},"minecraft:used":{"minecraft:iron_shovel":899,"minecraft:stone_shovel":177,"minecraft:chest":6,"minecraft:iron_sword":163,"minecraft:bell":44,"minecraft:cooked_salmon":10,"minecraft:stone_hoe":131,"minecraft:oak_door":3,"minecraft:dirt":739,"minecraft:iron_hoe":822,"minecraft:bamboo":4,"minecraft:hay_block":9,"minecraft:scaffolding":24,"minecraft:egg":2,"minecraft:cooked_beef":14,"minecraft:cooked_mutton":16,"minecraft:water_bucket":20,"minecraft:stone_pickaxe":157,"minecraft:wooden_pickaxe":12,"minecraft:composter":1,"minecraft:sand":5,"minecraft:crafting_table":26,"minecraft:white_bed":79,"minecraft:smoker":4,"minecraft:bread":13,"minecraft:iron_pickaxe":83,"minecraft:golden_helmet":1,"minecraft:stone_axe":223,"minecraft:cobblestone":9,"minecraft:cooked_porkchop":24,"minecraft:bucket":21,"minecraft:yellow_bed":15,"minecraft:oak_boat":12,"minecraft:golden_pickaxe":181},"minecraft:custom":{"minecraft:mob_kills":105,"minecraft:interact_with_crafting_table":57,"minecraft:bell_ring":618,"minecraft:leave_game":6,"minecraft:time_since_death":338913,"minecraft:climb_one_cm":15719,"minecraft:sprint_one_cm":866828,"minecraft:walk_one_cm":548800,"minecraft:drop":97,"minecraft:talked_to_villager":5,"minecraft:play_time":387218,"minecraft:sneak_time":10582,"minecraft:deaths":2,"minecraft:walk_under_water_one_cm":89687,"minecraft:boat_one_cm":590650,"minecraft:jump":6697,"minecraft:walk_on_water_one_cm":45139,"minecraft:total_world_time":387218,"minecraft:sleep_in_bed":27,"minecraft:time_since_rest":2794,"minecraft:damage_taken":4401,"minecraft:damage_dealt":15995,"minecraft:swim_one_cm":318147,"minecraft:fly_one_cm":1416912,"minecraft:open_chest":231,"minecraft:crouch_one_cm":21267,"minecraft:interact_with_smoker":11,"minecraft:fall_one_cm":188169},"minecraft:broken":{"minecraft:iron_shovel":3,"minecraft:stone_hoe":1,"minecraft:stone_pickaxe":1,"minecraft:stone_axe":1,"minecraft:stone_shovel":1,"minecraft:iron_hoe":3},"minecraft:dropped":{"minecraft:bread":5,"minecraft:iron_sword":3,"minecraft:wheat_seeds":30,"minecraft:golden_helmet":2,"minecraft:crafting_table":2,"minecraft:prismarine_crystals":3,"minecraft:dirt":2,"minecraft:mutton":4,"minecraft:cooked_cod":4,"minecraft:cooked_salmon":2,"minecraft:gold_nugget":7,"minecraft:sand":284,"minecraft:white_wool":20,"minecraft:dandelion":35,"minecraft:oak_door":1,"minecraft:stone_axe":1,"minecraft:iron_nugget":7,"minecraft:cocoa_beans":39,"minecraft:stone_shovel":1,"minecraft:rotten_flesh":15,"minecraft:oak_planks":96,"minecraft:azure_bluet":87,"minecraft:white_bed":5,"minecraft:shears":1,"minecraft:filled_map":6,"minecraft:poppy":1,"minecraft:yellow_bed":4,"minecraft:oak_sapling":3,"minecraft:beef":1,"minecraft:sandstone":61,"minecraft:wooden_pickaxe":1,"minecraft:stone_pickaxe":1,"minecraft:arrow":3,"minecraft:egg":1},"minecraft:killed_by":{"minecraft:skeleton":1},"minecraft:killed":{"minecraft:spider":9,"minecraft:skeleton":5,"minecraft:drowned":18,"minecraft:pig":13,"minecraft:iron_golem":2,"minecraft:creeper":5,"minecraft:sheep":22,"minecraft:pillager":1,"minecraft:zombie":16,"minecraft:cow":11},"minecraft:picked_up":{"minecraft:cocoa_beans":117,"minecraft:crafting_table":14,"minecraft:azure_bluet":88,"minecraft:wheat":128,"minecraft:enchanted_book":2,"minecraft:string":8,"minecraft:cooked_salmon":8,"minecraft:cartography_table":1,"minecraft:gold_nugget":3,"minecraft:beef":30,"minecraft:oak_boat":11,"minecraft:jungle_sapling":34,"minecraft:poppy":1,"minecraft:chest":1,"minecraft:sugar_cane":128,"minecraft:egg":3,"minecraft:golden_helmet":4,"minecraft:stick":17,"minecraft:sandstone":183,"minecraft:oak_door":1,"minecraft:composter":2,"minecraft:porkchop":29,"minecraft:carrot":38,"minecraft:prismarine_crystals":6,"minecraft:tnt":4,"minecraft:rotten_flesh":58,"minecraft:arrow":4,"minecraft:stone_shovel":2,"minecraft:cooked_cod":8,"minecraft:shears":2,"minecraft:hay_block":87,"minecraft:gold_ingot":2,"minecraft:mutton":74,"minecraft:white_wool":117,"minecraft:cobblestone":243,"minecraft:nautilus_shell":3,"minecraft:leather":20,"minecraft:smoker":6,"minecraft:filled_map":2,"minecraft:flint":3,"minecraft:oak_log":130,"minecraft:yellow_bed":27,"minecraft:gunpowder":1,"minecraft:dirt":890,"minecraft:bone":11,"minecraft:apple":10,"minecraft:wheat_seeds":33,"minecraft:bell":44,"minecraft:heart_of_the_sea":2,"minecraft:iron_ingot":13,"minecraft:stone_pickaxe":2,"minecraft:fletching_table":1,"minecraft:bamboo":319,"minecraft:iron_sword":5,"minecraft:oak_planks":180,"minecraft:cooked_porkchop":36,"minecraft:dandelion":35,"minecraft:sand":773,"minecraft:white_bed":97,"minecraft:diamond":4,"minecraft:stone_axe":3,"minecraft:golden_apple":2,"minecraft:bread":4,"minecraft:oak_sapling":3,"minecraft:coal":340},"minecraft:mined":{"minecraft:dark_oak_planks":1,"minecraft:white_bed":80,"minecraft:oak_door":1,"minecraft:jungle_leaves":854,"minecraft:grass_block":688,"minecraft:cartography_table":1,"minecraft:composter":2,"minecraft:sandstone":62,"minecraft:hay_block":48,"minecraft:tall_seagrass":1,"minecraft:carrots":15,"minecraft:fire":2,"minecraft:suspicious_sand":1,"minecraft:fletching_table":1,"minecraft:azure_bluet":43,"minecraft:bell":44,"minecraft:vine":3,"minecraft:flowering_azalea_leaves":2,"minecraft:dirt_path":1,"minecraft:bamboo":23,"minecraft:stone":99,"minecraft:kelp_plant":1,"minecraft:smoker":3,"minecraft:dandelion":30,"minecraft:crafting_table":12,"minecraft:short_grass":177,"minecraft:tall_grass":19,"minecraft:sugar_cane":28,"minecraft:yellow_bed":19,"minecraft:oak_log":56,"minecraft:coal_ore":192,"minecraft:cocoa":15,"minecraft:gravel":1,"minecraft:sand":284,"minecraft:dirt":201,"minecraft:oak_leaves":27,"minecraft:fern":1}},"DataVersion":3953}